Season,TeamID,E/W,Conference Finalist,W/L,FG,FGA,3P,3PA,FT,FTA,ORB,DRB,AST,STL,BLK,TOV,PF,PTS,Age,MOV,Pace,eFG%,Attendance,Standings_Bucket
2017,10,1.0,1.0,4.466666666666667,43.1,87.1,12.0,31.2,17.8,22.6,9.4,35.0,30.4,9.6,6.8,14.8,19.3,115.9,28.2,11.63,99.8,0.563,803436,0.0
2017,11,1.0,0.0,2.0370370370370368,40.3,87.2,14.4,40.3,20.3,26.5,10.9,33.5,25.2,8.2,4.3,15.1,19.9,115.3,27.4,5.77,100.0,0.545,695903,0.0
2017,8,1.0,0.0,0.9523809523809524,41.2,87.7,10.6,28.8,18.7,24.2,11.8,34.6,25.3,6.9,3.9,15.0,19.1,111.7,25.2,0.51,98.3,0.53,605585,2.0
2017,6,0.0,1.0,1.6451612903225807,39.9,84.9,13.0,33.9,17.5,23.3,9.3,34.4,22.7,6.6,4.0,13.7,18.1,110.3,29.2,3.18,96.2,0.547,843042,0.0
2017,30,0.0,0.0,1.4848484848484849,41.3,87.0,9.2,24.8,17.3,22.1,10.3,32.6,23.9,8.5,4.1,14.2,21.3,109.2,26.0,1.8,97.4,0.528,697107,0.0
2017,13,1.0,0.0,1.6451612903225807,39.5,83.2,10.3,27.4,19.3,26.0,9.0,34.0,22.5,7.5,4.2,13.0,19.8,108.7,30.0,4.29,96.1,0.537,782609,0.0
2017,2,0.0,1.0,1.827586206896552,38.6,85.1,12.0,33.4,18.7,23.2,9.1,32.9,25.2,7.5,4.1,13.3,20.6,108.0,25.9,2.63,96.8,0.525,760690,0.0
2017,25,1.0,0.0,1.0,39.5,86.1,10.4,27.7,18.5,23.7,10.1,33.5,21.1,7.0,5.0,13.7,21.2,107.9,24.8,-0.52,96.7,0.52,792029,1.0
2017,24,1.0,0.0,0.4137931034482759,39.9,88.5,7.5,22.6,20.4,26.3,11.9,33.1,19.6,8.2,4.9,15.4,24.8,107.7,25.0,-5.63,100.3,0.493,708639,2.0
2017,28,0.0,0.0,1.6451612903225807,39.2,84.4,8.8,24.3,19.7,24.7,10.6,32.6,18.5,8.3,4.9,12.7,20.8,106.9,26.1,4.21,94.7,0.517,813050,0.0
2017,21,1.0,0.0,1.3428571428571427,39.5,87.4,8.4,25.8,19.2,25.8,12.2,34.4,21.0,7.9,5.0,15.0,20.9,106.6,24.7,0.76,97.8,0.5,746323,1.0
2017,3,0.0,0.0,0.3225806451612903,37.8,85.2,10.7,31.6,19.4,24.6,8.8,35.1,21.4,7.2,4.7,16.5,21.0,105.8,26.0,-6.73,101.3,0.507,632608,2.0
2017,18,1.0,0.0,0.6078431372549019,39.5,84.4,7.3,21.0,19.3,24.2,11.4,31.0,23.7,8.0,4.5,14.0,20.1,105.6,24.0,-1.11,94.6,0.511,607203,2.0
2017,27,1.0,1.0,2.9047619047619047,39.3,83.7,9.2,23.5,17.6,22.0,10.0,33.9,23.8,8.0,5.9,13.4,18.3,105.3,29.6,7.2,94.2,0.524,755347,0.0
2017,12,0.0,0.0,1.05,39.3,84.5,8.6,23.0,17.9,22.1,9.0,33.0,22.5,8.2,5.0,13.8,19.5,105.1,27.0,-0.22,95.9,0.516,684578,1.0
2017,4,0.0,0.0,0.7826086956521741,37.7,85.4,10.0,28.6,19.4,23.8,8.8,34.8,23.1,7.0,4.8,11.5,16.6,104.9,26.5,0.2,95.7,0.501,710643,2.0
2017,14,1.0,0.0,0.4642857142857143,39.3,87.4,8.9,25.7,17.0,22.6,11.4,32.1,20.9,8.2,3.9,15.2,20.7,104.6,25.1,-6.88,98.5,0.501,776917,2.0
2017,19,1.0,0.0,0.7083333333333334,39.1,87.0,9.4,26.8,16.7,22.3,8.6,35.1,22.8,7.8,5.5,12.9,18.2,104.3,25.7,-2.1,98.0,0.504,663099,2.0
2017,20,0.0,0.0,0.6078431372549019,39.6,88.5,8.6,24.7,16.6,21.1,12.0,33.2,21.8,7.1,5.5,13.9,20.3,104.3,27.3,-3.67,96.0,0.496,810741,2.0
2017,17,0.0,0.0,1.05,38.8,81.9,8.8,23.7,17.2,22.4,8.8,31.6,24.2,8.1,5.3,14.0,20.2,103.6,25.6,-0.18,94.5,0.527,648952,1.0
2017,16,0.0,0.0,1.0,39.0,85.8,9.9,27.0,15.2,21.6,10.6,33.0,21.2,7.2,5.7,13.4,20.5,103.2,26.5,1.06,95.2,0.512,805400,2.0
2017,1,0.0,0.0,1.1025641025641026,38.1,84.4,8.9,26.1,18.1,24.9,10.3,34.1,23.6,8.2,4.8,15.8,18.2,103.2,27.9,-0.85,97.4,0.504,654306,1.0
2017,5,0.0,0.0,1.0,38.6,87.1,7.6,22.3,18.0,22.5,12.2,34.1,22.6,7.8,4.8,13.6,17.7,102.9,26.9,0.43,95.3,0.487,888882,1.0
2017,26,1.0,0.0,0.64,37.9,82.1,9.0,23.9,18.1,23.3,8.7,32.3,22.5,7.6,4.0,14.6,20.3,102.8,27.8,-3.88,94.9,0.516,721928,2.0
2017,23,0.0,0.0,0.5185185185185185,37.7,85.3,10.1,29.8,17.0,22.0,9.8,33.0,23.8,8.4,5.1,16.7,21.9,102.4,24.6,-5.7,98.5,0.501,710557,2.0
2017,9,0.0,0.0,0.8222222222222222,39.9,88.8,7.7,23.4,13.9,19.3,11.1,34.6,21.1,7.0,3.8,11.9,17.9,101.3,25.4,-1.12,95.0,0.4920000000000001,655141,2.0
2017,22,0.0,0.0,0.5471698113207547,38.3,87.0,8.5,26.1,16.0,21.4,9.8,33.3,22.2,7.1,4.8,13.3,19.3,101.1,25.3,-6.57,96.8,0.489,727875,2.0
2017,29,1.0,0.0,1.6451612903225807,37.0,79.5,9.6,26.0,17.1,22.9,9.4,33.8,20.1,6.7,5.0,13.6,18.8,100.7,26.8,3.94,91.6,0.526,806142,1.0
2017,15,1.0,0.0,1.1025641025641026,36.4,83.6,9.4,26.5,18.3,23.4,10.8,32.0,21.3,8.0,4.2,12.9,22.4,100.5,29.5,0.49,92.3,0.491,677314,1.0
2017,7,1.0,0.0,0.6734693877551021,36.2,82.3,10.7,30.2,14.8,18.5,7.9,30.7,20.8,7.5,3.7,11.9,19.1,97.9,27.6,-2.93,92.2,0.505,811366,2.0
2016,10,1.0,1.0,8.11111111111111,42.5,87.3,13.1,31.6,16.7,21.8,10.0,36.2,28.9,8.4,6.1,15.2,20.7,114.9,27.4,10.76,99.3,0.563,803436,0.0
2016,21,1.0,1.0,2.0370370370370368,41.1,86.4,8.3,23.7,19.7,25.2,13.1,35.6,23.0,7.4,5.9,15.9,20.6,110.2,25.8,7.28,96.7,0.524,746323,0.0
2016,26,1.0,0.0,0.6734693877551021,40.0,86.4,8.0,22.4,18.5,25.5,10.6,33.7,24.5,8.9,4.5,16.2,20.4,106.6,26.6,-2.48,100.0,0.51,707526,2.0
2016,11,1.0,0.0,1.0,37.7,83.5,10.7,30.9,20.4,29.4,11.3,31.7,22.2,10.0,5.2,15.9,21.8,106.5,27.8,0.2,97.6,0.516,737244,1.0
2016,2,0.0,0.0,1.4117647058823528,39.2,89.2,8.7,26.1,18.5,23.5,11.6,33.3,24.2,9.2,4.2,13.7,21.9,105.7,25.2,3.21,98.5,0.488,749076,1.0
2016,25,1.0,0.0,1.1578947368421053,38.6,85.9,10.5,28.5,17.4,23.0,11.6,33.9,21.3,6.9,4.6,14.6,21.7,105.1,24.3,0.83,96.0,0.511,794085,1.0
2016,13,1.0,0.0,1.827586206896552,38.3,82.4,9.7,26.7,18.2,26.2,8.8,33.3,22.8,8.6,5.6,13.0,21.3,104.5,29.7,4.28,95.8,0.524,786910,0.0
2016,6,0.0,1.0,2.28,38.7,84.0,10.7,29.6,16.3,21.7,10.6,33.9,22.7,6.7,3.9,13.6,20.3,104.3,28.1,6.0,93.3,0.524,843042,0.0
2016,30,0.0,0.0,1.0,39.5,85.8,8.6,24.2,16.5,22.5,9.1,32.8,24.5,8.6,3.9,14.5,20.8,104.1,27.3,-0.5,98.5,0.511,725426,2.0
2016,27,1.0,0.0,4.466666666666667,40.1,82.9,7.0,18.5,16.4,20.4,9.4,34.5,24.5,8.3,5.9,13.1,17.5,103.5,30.3,10.63,93.8,0.526,756445,0.0
2016,4,0.0,0.0,1.4117647058823528,37.0,84.4,10.6,29.4,18.7,23.7,9.0,35.0,21.7,7.3,5.3,12.6,18.1,103.4,26.0,2.72,95.7,0.502,716894,1.0
2016,1,0.0,0.0,1.4117647058823528,38.6,84.4,9.9,28.4,15.6,20.0,8.3,33.8,25.6,9.1,5.9,15.0,19.1,102.8,28.2,3.61,97.1,0.516,690150,0.0
2016,19,1.0,0.0,0.5769230769230769,38.5,85.9,8.6,23.8,17.3,22.2,9.5,33.1,22.2,7.7,4.2,13.4,20.9,102.7,26.6,-3.79,96.8,0.498,688549,2.0
2016,28,0.0,1.0,2.1538461538461537,36.7,81.3,8.6,23.4,20.8,26.7,10.2,33.2,18.7,7.8,5.5,13.1,19.6,102.7,26.3,4.5,92.9,0.504,812863,0.0
2016,18,1.0,0.0,0.5471698113207547,37.7,81.3,5.5,16.4,21.4,27.0,10.0,31.5,23.4,8.0,4.6,15.0,20.7,102.4,24.6,-3.54,95.2,0.498,581178,2.0
2016,7,1.0,0.0,1.05,37.4,84.1,9.8,28.6,17.7,22.3,9.2,33.9,22.1,6.8,3.7,12.8,19.5,102.3,30.3,-0.3,94.3,0.502,825901,1.0
2016,12,0.0,0.0,1.2162162162162162,38.3,85.2,8.1,23.0,17.4,22.8,10.3,33.9,21.2,9.0,4.8,14.9,20.0,102.2,26.9,1.71,96.6,0.4970000000000001,690733,1.0
2016,22,0.0,0.0,0.7446808510638298,39.5,86.8,7.8,22.2,15.2,20.1,10.3,33.0,23.6,8.2,5.1,14.1,20.7,102.1,23.9,-1.62,96.0,0.5,719275,2.0
2016,9,0.0,0.0,1.1578947368421053,37.9,86.4,9.0,26.2,17.1,25.5,12.5,33.9,19.4,7.0,3.7,13.5,19.0,102.0,25.0,0.61,95.1,0.491,677138,1.0
2016,8,1.0,0.0,0.6734693877551021,37.7,85.4,8.0,23.7,18.5,24.1,11.5,33.1,22.7,7.4,4.8,14.7,21.0,101.9,24.7,-3.1,95.7,0.489,577898,2.0
2016,5,0.0,0.0,1.05,38.6,87.4,7.9,21.4,16.5,21.0,11.1,35.2,22.8,6.0,5.7,13.9,18.8,101.6,27.6,-1.48,95.7,0.487,894659,2.0
2016,24,1.0,0.0,0.3898305084745763,37.2,85.6,9.0,25.8,17.5,23.2,11.5,33.3,20.7,7.7,3.8,17.2,22.7,100.9,26.0,-6.66,98.5,0.487,701405,2.0
2016,16,0.0,0.0,1.4117647058823528,38.4,81.7,6.1,18.0,17.1,23.0,9.8,34.3,20.8,6.7,6.5,14.1,18.3,100.0,28.4,1.65,93.6,0.508,809350,0.0
2016,15,1.0,0.0,1.05,36.8,83.6,6.1,18.5,19.3,24.7,11.2,30.5,20.7,8.8,4.3,13.3,21.7,99.1,30.5,-2.24,93.3,0.477,701894,1.0
2016,17,0.0,0.0,0.6734693877551021,38.4,82.2,5.4,15.6,17.0,22.7,10.5,31.2,23.1,8.2,5.8,15.2,20.7,99.0,23.5,-4.18,94.2,0.499,621808,2.0
2016,3,0.0,0.0,0.3442622950819672,38.2,84.4,6.5,18.4,15.7,20.7,10.5,31.9,22.3,7.6,4.0,14.8,18.0,98.6,26.9,-7.35,95.2,0.4920000000000001,620142,2.0
2016,20,0.0,0.0,0.64,36.9,84.0,7.4,21.5,17.2,21.4,10.4,34.0,20.5,5.7,5.7,13.4,19.7,98.4,27.2,-2.73,93.4,0.483,812292,2.0
2016,29,1.0,0.0,0.9523809523809524,36.1,80.4,8.5,23.9,17.1,23.0,10.7,32.5,19.0,7.7,5.2,14.9,20.2,97.7,24.2,1.79,91.0,0.501,791489,2.0
2016,23,0.0,0.0,0.1388888888888889,36.2,84.0,9.3,27.5,15.7,22.6,9.5,31.8,21.5,8.3,6.0,16.4,21.7,97.4,23.3,-10.23,97.9,0.487,614650,2.0
2016,14,1.0,0.0,0.26153846153846155,35.1,84.8,7.8,24.6,19.3,24.7,10.7,32.3,18.0,7.2,4.1,13.7,20.3,97.3,26.5,-9.56,95.6,0.46,778877,2.0
2015,10,1.0,1.0,4.466666666666667,41.6,87.0,10.8,27.0,16.0,20.8,10.4,34.3,27.4,9.3,6.0,14.5,19.9,110.0,26.6,10.1,98.3,0.54,803436,0.0
2015,13,1.0,0.0,2.1538461538461537,39.4,83.3,10.1,26.9,17.9,25.2,9.6,33.1,24.8,7.8,5.0,12.3,21.3,106.7,28.8,6.59,94.7,0.5329999999999999,785892,0.0
2015,7,1.0,0.0,1.5625,39.7,85.8,8.9,25.4,16.9,22.5,10.5,31.8,22.5,8.1,4.5,13.0,20.0,105.2,29.9,2.9,95.2,0.515,827702,1.0
2015,28,0.0,0.0,1.4848484848484849,37.9,83.3,8.9,25.1,19.3,24.6,10.7,30.8,20.7,7.5,4.4,12.9,20.9,104.0,26.1,3.07,92.8,0.508,809824,0.0
2015,21,1.0,0.0,1.2162162162162162,38.8,86.8,7.7,22.7,18.6,24.6,12.8,34.7,20.5,7.3,5.5,14.7,22.3,104.0,25.4,2.18,95.7,0.4920000000000001,746323,2.0
2015,11,1.0,1.0,2.1538461538461537,37.0,83.3,11.4,32.7,18.6,26.0,11.7,32.0,22.2,9.5,5.0,16.7,22.0,103.9,27.6,3.44,96.5,0.512,747412,0.0
2015,27,1.0,0.0,2.0370370370370368,39.1,83.6,8.3,22.5,16.7,21.4,9.8,33.8,24.4,8.0,5.4,14.0,19.1,103.2,29.8,6.2,93.8,0.517,762855,1.0
2015,6,0.0,1.0,1.827586206896552,37.7,82.2,10.1,27.5,17.7,23.6,11.1,31.9,22.1,7.4,4.1,14.3,18.4,103.1,26.9,4.48,92.3,0.52,843042,0.0
2015,25,1.0,0.0,1.6451612903225807,38.7,86.0,9.8,27.2,15.5,19.4,10.7,35.1,21.9,6.4,4.5,13.6,18.2,102.8,27.0,4.23,94.2,0.508,798368,0.0
2015,1,0.0,1.0,2.727272727272727,38.1,81.7,10.0,26.2,16.5,21.2,8.7,31.8,25.7,9.1,4.6,14.2,17.8,102.5,27.8,5.43,93.9,0.527,713909,0.0
2015,24,1.0,0.0,0.9069767441860463,38.8,85.8,8.5,25.0,16.4,21.5,10.9,32.2,20.2,8.5,4.7,15.1,21.3,102.4,25.7,-0.9,96.3,0.501,693862,2.0
2015,8,1.0,0.0,0.5769230769230769,37.8,87.3,8.0,24.8,17.8,24.3,12.3,32.4,21.8,7.8,4.5,14.2,23.0,101.5,26.4,-3.55,96.1,0.479,602707,2.0
2015,2,0.0,0.0,0.9523809523809524,38.9,87.9,8.0,24.6,15.4,20.5,11.1,32.7,24.5,8.2,3.6,13.8,21.2,101.4,25.0,0.16,95.8,0.489,721350,1.0
2015,26,1.0,0.0,0.5471698113207547,36.7,80.7,5.6,16.5,22.3,29.3,10.9,33.3,20.3,6.7,4.0,16.3,20.7,101.3,26.0,-3.71,95.4,0.49,680049,2.0
2015,5,0.0,0.0,1.5625,36.6,82.9,7.9,22.3,19.7,25.2,11.7,34.0,21.7,6.3,5.8,14.0,18.2,100.8,28.8,3.0,92.8,0.489,886612,0.0
2015,19,1.0,0.0,1.2162162162162162,37.9,82.9,7.1,19.3,16.4,21.8,11.5,32.0,22.0,6.7,6.2,13.3,18.7,99.4,25.3,0.79,91.4,0.501,683757,1.0
2015,30,0.0,0.0,1.2777777777777777,38.3,82.8,6.1,16.8,15.9,21.4,10.5,34.2,24.0,7.3,4.6,15.0,20.8,98.5,28.6,0.72,93.7,0.499,747796,1.0
2015,9,0.0,0.0,0.64,37.1,85.8,8.6,24.9,15.8,22.4,12.8,32.1,21.6,7.6,4.7,13.4,19.0,98.5,25.9,-1.0,92.8,0.482,625917,2.0
2015,14,1.0,0.0,0.3442622950819672,37.2,85.6,6.5,18.9,17.5,23.6,11.6,32.3,20.9,7.0,4.5,13.2,21.2,98.5,27.0,-6.84,94.0,0.473,768244,2.0
2015,15,1.0,0.0,2.0370370370370368,37.8,82.5,5.2,15.2,17.6,22.8,10.4,32.1,21.7,8.5,4.2,13.3,19.1,98.3,29.6,3.24,92.0,0.489,710502,1.0
2015,3,0.0,0.0,0.8636363636363636,37.4,83.0,6.6,19.9,16.6,22.2,10.3,32.0,20.9,7.0,4.1,13.8,19.3,98.0,28.6,-2.88,92.7,0.491,698529,1.0
2015,17,0.0,0.0,1.0,37.6,82.0,6.6,18.3,16.0,21.1,10.7,31.4,23.6,9.6,4.9,16.7,22.1,97.8,24.6,0.43,94.1,0.499,593910,1.0
2015,18,1.0,0.0,0.24242424242424246,36.4,83.2,5.0,14.9,20.0,25.7,11.6,29.3,21.6,8.1,4.0,15.0,19.2,97.8,24.4,-8.79,94.4,0.468,595652,2.0
2015,12,0.0,0.0,0.8636363636363636,36.6,83.2,7.5,21.2,16.7,22.2,10.4,34.4,21.4,6.2,4.6,14.0,21.2,97.3,28.3,0.28,93.2,0.484,691434,2.0
2015,22,0.0,0.0,0.43859649122807015,37.5,82.8,6.8,19.5,13.9,19.1,10.0,31.8,20.6,7.9,3.8,14.9,20.9,95.7,24.3,-5.72,93.8,0.494,688194,2.0
2015,29,1.0,0.0,0.8636363636363636,35.4,79.2,7.4,21.7,17.0,23.5,12.0,31.9,19.9,7.6,6.0,15.3,19.3,95.1,23.4,0.22,90.4,0.494,772059,2.0
2015,16,0.0,0.0,0.8222222222222222,35.2,77.2,6.8,20.2,17.5,23.7,9.1,30.0,19.8,7.8,4.5,14.8,20.0,94.7,28.5,-2.6,90.9,0.5,808223,2.0
2015,4,0.0,0.0,0.6734693877551021,35.5,84.5,6.1,19.1,17.0,22.8,10.0,34.1,20.2,6.1,5.5,11.9,18.2,94.2,26.0,-3.17,93.0,0.456,704886,2.0
2015,23,0.0,0.0,0.28125,33.7,82.6,8.4,26.3,16.1,23.8,11.9,30.9,20.5,9.6,5.9,17.7,21.7,92.0,23.2,-8.98,95.7,0.459,571572,2.0
2015,20,0.0,0.0,0.26153846153846155,35.1,82.0,6.8,19.7,14.8,19.2,10.6,29.8,21.3,7.0,4.7,14.7,21.6,91.9,26.9,-9.32,91.2,0.47,812292,2.0
2014,13,1.0,0.0,2.28,39.1,82.5,8.5,24.0,21.2,29.1,10.5,32.5,24.6,8.6,4.8,13.9,21.5,107.9,28.1,6.98,95.9,0.526,787692,0.0
2014,11,1.0,0.0,1.9285714285714288,38.0,80.5,9.5,26.6,22.1,31.1,11.2,34.1,21.4,7.6,5.6,16.1,20.4,107.7,25.4,4.56,96.3,0.531,743082,0.0
2014,18,1.0,0.0,0.9523809523809524,38.9,87.5,7.3,21.4,21.8,28.1,12.5,32.2,23.9,8.8,3.6,13.9,18.3,106.9,26.3,2.67,97.3,0.486,597157,2.0
2014,25,1.0,0.0,1.9285714285714288,39.1,87.0,9.4,25.3,19.1,23.5,12.5,34.0,23.2,5.5,4.7,13.7,19.2,106.7,25.8,3.99,94.9,0.504,809612,1.0
2014,21,1.0,1.0,2.565217391304348,39.0,82.7,8.1,22.4,20.2,25.0,10.8,33.9,21.9,8.3,6.1,15.3,22.7,106.2,26.2,6.34,95.4,0.52,746323,0.0
2014,27,1.0,1.0,3.1,40.6,83.5,8.5,21.4,15.7,20.0,9.3,34.0,25.2,7.4,5.1,14.4,18.2,105.4,28.9,7.72,95.0,0.537,755031,0.0
2014,24,1.0,0.0,1.4117647058823528,38.7,83.5,9.3,25.1,18.5,24.4,11.3,31.7,19.1,8.4,4.6,15.3,21.9,105.2,26.2,2.63,95.8,0.519,650739,2.0
2014,7,1.0,0.0,1.4848484848484849,39.6,83.6,8.8,22.9,16.8,21.1,10.2,30.7,23.6,8.6,4.3,13.5,20.0,104.8,30.6,2.4,93.5,0.526,817982,1.0
2014,8,1.0,0.0,0.7826086956521741,38.4,85.9,8.6,23.9,19.1,26.3,12.3,33.1,22.4,7.5,5.6,15.9,23.0,104.4,26.0,-2.15,98.1,0.4970000000000001,692898,2.0
2014,10,1.0,0.0,1.6451612903225807,39.5,85.4,9.4,24.8,15.9,21.1,10.9,34.4,23.3,7.8,5.0,15.2,21.8,104.3,26.3,4.8,96.2,0.517,803436,1.0
2014,14,1.0,0.0,0.4909090909090909,38.3,85.1,9.4,24.8,17.0,22.4,9.1,32.0,24.5,7.5,5.4,15.1,19.8,103.0,26.8,-6.29,98.7,0.505,771974,2.0
2014,16,0.0,1.0,1.9285714285714288,38.3,76.5,8.1,22.3,17.5,23.0,7.6,29.2,22.5,8.9,4.5,14.8,19.5,102.2,30.6,4.76,91.2,0.5539999999999999,811036,0.0
2014,28,0.0,0.0,1.4117647058823528,36.5,81.9,8.7,23.4,19.6,25.1,11.4,31.1,21.2,7.0,4.2,14.1,23.0,101.3,25.6,3.24,91.8,0.498,748339,0.0
2014,9,0.0,0.0,0.5471698113207547,38.8,86.9,6.2,19.3,17.3,25.7,14.6,30.8,20.9,8.4,4.8,14.5,20.3,101.0,24.7,-3.66,94.9,0.482,616005,2.0
2014,1,0.0,0.0,0.8636363636363636,37.3,81.6,9.4,25.8,17.0,21.7,8.7,31.3,24.9,8.3,4.0,15.3,19.2,101.0,27.5,-0.48,94.6,0.515,587927,1.0
2014,30,0.0,0.0,1.1578947368421053,38.7,84.4,7.9,20.8,15.3,20.9,10.8,31.4,23.3,8.1,4.6,14.7,20.4,100.7,26.3,1.27,93.2,0.506,698068,1.0
2014,26,1.0,0.0,0.5185185185185185,36.9,82.5,6.0,18.0,20.7,27.3,12.1,32.4,18.9,7.2,3.9,15.2,22.5,100.5,24.9,-2.9,94.4,0.484,667949,2.0
2014,19,1.0,0.0,0.7083333333333334,37.8,82.5,5.9,15.9,18.2,23.6,11.4,30.3,21.3,7.9,6.4,13.8,22.6,99.7,24.3,-2.71,92.2,0.495,672029,2.0
2014,23,0.0,0.0,0.3015873015873016,37.9,87.2,7.0,22.5,16.6,23.4,11.6,31.2,21.8,9.3,4.0,16.9,22.5,99.5,23.4,-10.45,99.2,0.475,568632,2.0
2014,20,0.0,0.0,0.8222222222222222,36.9,82.2,9.3,24.9,15.5,20.4,10.6,29.7,20.0,7.7,4.5,13.0,22.1,98.6,28.3,-0.79,90.3,0.505,812292,2.0
2014,3,0.0,0.0,1.1578947368421053,35.7,77.9,8.6,23.4,18.4,24.4,8.8,29.4,20.9,8.6,3.8,14.5,21.7,98.5,30.0,-1.0,91.4,0.514,707331,1.0
2014,6,0.0,0.0,0.6734693877551021,37.0,84.8,7.1,20.0,17.0,22.7,12.1,32.1,21.2,7.1,3.7,14.2,20.0,98.2,24.9,-3.29,93.1,0.479,710522,2.0
2014,4,0.0,0.0,1.1025641025641026,36.3,82.1,6.3,17.9,18.0,24.4,9.5,33.2,21.7,6.1,5.1,12.3,18.2,96.9,25.5,-0.22,92.4,0.481,636268,1.0
2014,12,0.0,1.0,2.1538461538461537,36.0,80.2,6.7,18.8,18.1,23.3,10.2,34.5,20.1,6.7,5.4,15.1,20.4,96.7,27.2,4.4,92.5,0.49,717542,0.0
2014,22,0.0,0.0,0.3898305084745763,36.9,82.7,6.9,19.5,15.9,20.9,9.7,32.4,21.0,7.7,4.3,14.9,20.5,96.5,24.6,-5.44,93.6,0.487,666046,2.0
2014,2,0.0,0.0,0.43859649122807015,36.5,83.9,7.0,21.1,16.2,20.8,12.0,30.5,21.0,7.1,4.2,15.4,21.3,96.2,25.4,-4.46,93.3,0.477,742400,2.0
2014,15,1.0,0.0,1.5625,38.1,82.0,4.9,14.0,15.1,20.3,11.6,30.8,21.9,7.7,4.6,13.7,19.1,96.1,28.5,1.57,89.9,0.494,685458,1.0
2014,17,0.0,0.0,0.22388059701492535,36.0,82.2,6.7,18.9,16.8,22.5,11.8,29.3,21.5,6.6,4.9,15.1,20.9,95.5,24.7,-8.18,91.8,0.479,552067,2.0
2014,29,1.0,0.0,0.43859649122807015,36.0,81.1,6.6,19.2,16.4,22.0,11.0,30.2,20.3,7.0,4.5,14.6,20.7,95.0,24.5,-7.17,91.4,0.484,745203,2.0
2014,5,0.0,0.0,1.4117647058823528,34.7,80.2,6.2,17.8,18.1,23.3,11.4,32.7,22.7,7.2,5.2,14.9,19.1,93.7,28.6,1.85,90.2,0.471,890370,0.0
2013,8,1.0,0.0,2.28,40.7,85.2,6.4,18.5,18.4,26.2,13.3,31.7,24.4,9.3,6.5,15.3,20.5,106.1,26.1,5.09,95.1,0.515,730616,0.0
2013,11,1.0,0.0,1.2162162162162162,38.1,82.7,10.6,28.9,19.2,25.5,11.1,32.3,23.2,8.3,4.4,16.4,20.3,106.0,24.4,3.48,96.1,0.525,683564,1.0
2013,21,1.0,1.0,2.727272727272727,38.1,79.3,7.3,19.4,22.2,26.8,10.4,33.2,21.4,8.3,7.6,15.3,20.2,105.7,26.0,9.21,93.3,0.527,746323,0.0
2013,27,1.0,0.0,2.4166666666666665,39.1,81.4,8.1,21.5,16.6,21.0,8.1,33.2,25.1,8.5,5.4,14.7,17.4,103.0,28.6,6.4,94.2,0.531,755700,0.0
2013,16,0.0,1.0,4.125,38.4,77.4,8.7,22.1,17.4,23.0,8.2,30.4,23.0,8.7,5.4,13.9,18.7,102.9,30.3,7.87,90.7,0.552,819290,0.0
2013,14,1.0,1.0,1.2162162162162162,37.1,81.0,8.7,24.6,19.3,27.9,11.5,33.3,22.2,7.0,5.2,15.0,17.9,102.2,30.7,1.16,94.4,0.512,778877,0.0
2013,10,1.0,0.0,1.3428571428571427,38.2,83.4,8.0,19.9,16.8,21.3,10.8,34.2,22.5,6.9,4.2,15.1,21.4,101.2,25.3,0.89,94.5,0.506,794320,1.0
2013,7,1.0,0.0,1.0,38.8,84.0,7.4,19.9,16.1,20.4,9.4,32.6,23.2,7.9,5.5,14.0,20.7,101.1,29.5,-0.6,94.1,0.506,821490,2.0
2013,13,1.0,0.0,2.1538461538461537,38.5,80.6,7.6,21.4,16.4,23.0,11.4,30.2,23.9,9.6,5.6,14.6,20.9,101.1,28.8,6.45,91.1,0.526,788293,1.0
2013,26,1.0,0.0,0.5185185185185185,37.6,84.2,7.4,20.5,17.5,22.8,11.5,29.1,20.8,8.2,4.2,14.6,20.9,100.2,25.6,-4.88,93.6,0.491,563743,2.0
2013,20,0.0,0.0,1.9285714285714288,36.5,81.6,10.9,28.9,16.0,21.1,10.9,29.7,19.3,8.2,3.6,12.0,20.1,100.0,30.2,4.23,89.8,0.515,780353,1.0
2013,17,0.0,0.0,0.8636363636363636,38.1,87.8,7.3,20.4,15.3,20.7,13.0,30.9,22.9,8.4,6.7,14.1,19.0,98.9,26.4,-1.5,94.7,0.476,616469,1.0
2013,29,1.0,0.0,1.1025641025641026,37.1,81.8,6.2,16.9,17.5,23.0,12.1,30.0,22.7,8.4,6.3,14.8,21.3,98.0,26.3,-0.09,90.9,0.4920000000000001,763915,2.0
2013,1,0.0,0.0,1.1578947368421053,37.6,81.0,8.6,23.2,14.1,19.7,9.2,31.6,24.5,8.1,4.5,14.9,18.0,98.0,27.1,0.4,92.6,0.517,620146,1.0
2013,25,1.0,0.0,0.6734693877551021,36.7,81.9,8.2,23.2,15.9,20.5,10.7,30.2,21.8,6.6,4.3,14.7,18.5,97.5,24.4,-3.17,91.4,0.498,813012,2.0
2013,28,0.0,0.0,0.7083333333333334,36.3,81.5,7.0,20.3,17.6,22.3,10.6,29.6,21.5,7.3,4.8,13.7,22.4,97.2,25.4,-1.48,90.4,0.488,743936,2.0
2013,3,0.0,0.0,1.4848484848484849,35.9,79.8,7.7,21.5,17.5,23.9,12.8,30.0,20.3,7.3,4.8,14.7,18.3,96.9,28.6,1.78,88.8,0.498,704702,0.0
2013,6,0.0,0.0,0.4137931034482759,36.5,84.2,6.7,19.3,16.8,22.3,12.2,28.8,20.7,7.9,4.1,14.0,21.2,96.5,24.1,-4.68,92.3,0.473,663882,2.0
2013,18,1.0,0.0,0.6078431372549019,35.9,81.7,5.5,18.0,18.5,24.9,11.9,30.2,22.4,8.5,4.7,14.8,18.4,95.7,26.4,-2.37,92.8,0.473,669956,2.0
2013,2,0.0,0.0,1.025,37.0,79.7,6.1,17.2,16.3,21.0,8.1,31.3,22.8,8.2,4.5,14.6,21.2,96.5,29.1,-0.22,91.7,0.503,744960,0.0
2013,24,1.0,0.0,0.43859649122807015,37.3,84.4,5.9,17.7,14.7,19.7,11.7,29.9,22.6,8.0,5.3,15.6,20.6,95.2,26.9,-6.46,93.4,0.477,632913,2.0
2013,9,0.0,0.0,0.5471698113207547,36.3,81.0,6.3,17.6,15.9,22.8,12.1,30.0,21.2,7.0,4.9,15.1,19.8,94.9,25.3,-3.99,90.8,0.487,606094,2.0
2013,22,0.0,0.0,0.3225806451612903,37.7,84.2,6.2,18.7,12.5,16.6,10.9,31.9,22.8,6.4,4.4,14.5,19.4,94.1,24.6,-6.99,92.2,0.485,722716,2.0
2013,19,1.0,0.0,0.4909090909090909,36.0,80.4,6.5,18.0,15.5,20.0,12.0,29.6,21.0,6.3,5.4,14.5,20.4,94.1,24.0,-3.87,88.5,0.489,565930,2.0
2013,12,0.0,1.0,1.53125,35.1,80.6,6.9,19.7,17.6,23.6,12.9,33.0,20.3,7.2,6.3,15.1,20.0,94.7,25.7,4.02,90.2,0.479,626069,0.0
2013,4,0.0,0.0,0.3442622950819672,34.4,81.1,5.7,17.1,18.9,25.1,11.2,29.1,19.4,7.2,5.8,14.1,19.0,93.4,24.4,-9.23,91.5,0.46,628293,2.0
2013,15,1.0,0.0,2.1538461538461537,36.1,81.5,4.7,13.5,16.5,21.3,12.9,29.8,20.9,8.6,5.3,14.0,20.2,93.4,27.0,4.15,88.4,0.472,681613,1.0
2013,30,0.0,0.0,0.5471698113207547,35.5,81.6,6.6,18.2,15.6,21.3,10.8,32.3,21.6,7.3,4.6,15.1,20.5,93.2,25.4,-2.54,92.2,0.475,670070,2.0
2013,5,0.0,0.0,1.2162162162162162,35.7,81.7,5.4,15.4,16.4,21.2,12.5,30.7,23.0,7.2,5.1,14.3,19.7,93.2,28.0,0.32,89.3,0.47,896944,1.0
2013,23,0.0,0.0,0.7083333333333334,37.3,84.1,6.3,17.5,12.2,16.8,10.9,30.4,22.8,7.4,4.7,13.0,18.4,93.2,25.2,-3.34,91.0,0.481,685412,2.0
2012,8,1.0,0.0,1.3571428571428572,39.0,81.9,6.6,19.9,19.6,26.7,11.2,31.9,24.0,8.2,5.0,15.4,19.7,104.1,26.6,2.88,94.2,0.516,561966,1.0
2012,27,1.0,1.0,3.125,39.6,82.8,8.4,21.3,16.2,21.6,10.3,32.6,23.2,7.4,4.4,13.6,17.3,103.7,27.5,7.17,92.9,0.528,607095,0.0
2012,21,1.0,1.0,2.473684210526316,37.3,79.2,7.2,20.0,21.3,26.4,11.0,32.7,18.5,7.5,8.2,16.3,20.5,103.1,25.1,6.12,93.0,0.516,600699,0.0
2012,29,1.0,0.0,1.2,38.2,83.8,4.1,12.8,19.1,25.3,13.0,31.1,21.8,8.3,5.8,14.2,21.8,99.7,25.6,0.62,91.4,0.481,637124,1.0
2012,17,0.0,0.0,0.8857142857142857,37.9,85.6,6.6,19.2,16.6,21.4,12.4,30.0,23.5,8.3,5.1,14.1,19.3,99.0,26.2,0.27,93.7,0.481,485717,2.0
2012,26,1.0,0.0,0.5,37.7,86.5,6.2,19.7,17.1,23.2,13.4,29.5,19.3,8.5,4.9,14.4,19.5,98.8,24.3,-5.68,94.7,0.472,478764,2.0
2012,16,0.0,1.0,2.3,37.1,79.0,5.6,15.6,18.8,24.2,10.4,31.2,20.0,8.9,5.4,15.2,19.4,98.5,28.3,5.98,91.2,0.505,657855,0.0
2012,24,1.0,0.0,1.0,37.8,82.5,6.7,19.6,16.0,21.2,10.9,30.8,22.5,6.5,5.5,14.1,18.7,98.4,28.9,-0.24,92.6,0.499,514718,2.0
2012,11,1.0,0.0,1.0625,37.7,84.0,7.2,20.2,15.4,19.7,11.7,30.5,21.3,7.5,4.8,14.5,20.4,98.1,26.2,0.23,91.7,0.4920000000000001,506994,2.0
2012,18,1.0,0.0,0.65,35.7,82.3,7.2,21.6,19.4,25.2,12.1,31.7,19.5,6.6,4.4,15.2,18.4,97.9,24.4,-2.2,93.3,0.477,577197,2.0
2012,20,0.0,0.0,1.2,35.8,80.8,7.8,23.3,18.3,24.8,11.3,30.5,20.1,9.4,4.2,16.0,21.1,97.8,26.3,3.2,93.2,0.4920000000000001,652179,1.0
2012,10,1.0,0.0,0.5348837209302325,37.7,82.5,7.9,20.5,14.4,18.7,9.7,29.5,22.3,8.0,5.5,13.9,21.4,97.8,25.3,-3.41,92.3,0.505,622311,2.0
2012,12,0.0,0.0,1.75,35.7,81.4,5.9,16.1,20.4,26.1,12.5,31.4,18.6,7.9,5.4,14.0,21.7,97.7,26.3,3.3,90.7,0.474,467561,0.0
2012,13,1.0,0.0,1.5384615384615383,37.0,81.3,7.8,21.8,15.8,23.3,12.1,29.4,21.0,8.4,4.8,13.3,21.2,97.5,27.3,2.56,89.2,0.502,634237,1.0
2012,14,1.0,0.0,1.64,36.8,80.6,5.5,16.8,18.2,24.1,12.1,34.1,22.5,5.9,5.3,15.1,16.8,97.3,29.7,1.42,90.5,0.491,626901,0.0
2012,25,1.0,0.0,0.7368421052631579,36.4,82.1,7.2,20.9,17.2,21.6,11.1,29.5,20.4,8.0,4.9,14.2,19.0,97.2,27.5,-0.62,91.2,0.488,676384,2.0
2012,1,0.0,0.0,1.5384615384615383,36.8,81.0,7.5,20.2,15.5,21.0,9.9,31.3,22.4,8.1,4.6,14.0,17.8,96.6,27.9,3.44,90.2,0.5,501593,1.0
2012,5,0.0,0.0,3.125,37.4,82.8,6.3,16.9,15.2,21.1,13.9,32.8,23.1,6.9,5.9,14.0,17.3,96.3,27.1,8.18,89.1,0.49,731326,0.0
2012,7,1.0,0.0,1.2,36.3,82.0,7.5,22.2,15.6,20.2,10.1,32.7,20.9,8.6,5.1,14.0,18.6,95.8,31.3,0.95,91.4,0.489,671050,1.0
2012,15,1.0,0.0,1.64,36.7,82.2,4.2,12.9,17.3,22.8,12.6,29.5,19.5,9.6,5.2,14.5,19.9,95.0,25.6,2.02,90.8,0.473,518446,0.0
2012,22,0.0,0.0,1.2758620689655171,34.5,78.2,10.2,27.0,15.1,22.8,11.2,31.2,20.0,6.8,4.2,14.9,17.7,94.2,27.5,0.79,89.0,0.506,623587,1.0
2012,30,0.0,0.0,0.43478260869565216,36.6,83.0,5.2,16.3,15.3,21.0,11.7,29.9,19.1,8.0,6.3,15.3,21.3,93.6,24.2,-4.8,92.5,0.472,552038,2.0
2012,23,0.0,0.0,1.1290322580645162,37.4,83.6,5.3,14.6,13.5,18.2,10.7,32.5,22.0,8.0,5.2,11.2,17.5,93.6,24.9,4.24,89.7,0.48,577597,1.0
2012,3,0.0,0.0,0.5,34.3,80.6,7.7,22.4,16.9,21.7,11.9,28.5,19.9,7.5,3.9,15.1,19.2,93.1,26.1,-5.98,90.1,0.473,460719,2.0
2012,6,0.0,0.0,0.4666666666666667,34.3,81.2,6.7,19.3,17.8,24.9,12.7,29.5,19.8,7.1,4.0,15.4,20.0,93.0,26.0,-7.2,91.3,0.463,525577,2.0
2012,2,0.0,1.0,1.4444444444444444,35.5,77.1,5.5,15.0,15.4,19.8,7.7,31.1,23.6,7.5,5.5,14.8,19.9,91.8,29.3,2.52,90.4,0.496,614592,0.0
2012,9,0.0,0.0,0.6097560975609756,34.7,79.3,4.8,13.9,16.6,22.1,11.7,28.5,18.7,7.0,4.2,15.7,19.6,90.9,26.3,-4.79,89.2,0.468,475638,2.0
2012,28,0.0,0.0,0.5348837209302325,34.4,78.1,5.5,16.3,16.4,21.4,10.6,31.4,20.9,6.5,4.9,15.2,23.2,90.7,25.7,-3.3,89.3,0.475,555584,2.0
2012,19,1.0,0.0,0.4666666666666667,34.8,77.3,3.9,11.8,16.0,21.2,11.0,30.2,20.7,7.4,4.8,15.5,20.1,89.6,25.5,-3.76,88.3,0.476,498618,2.0
2012,4,0.0,0.0,0.11864406779661014,33.2,80.2,4.0,13.5,16.5,22.2,10.3,28.7,20.1,6.0,5.5,14.5,18.9,87.0,24.5,-13.91,91.1,0.439,486984,2.0
2011,8,1.0,0.0,1.5625,38.4,80.6,8.1,20.8,22.7,29.6,9.6,32.3,22.1,7.4,4.3,14.1,21.0,107.5,27.3,4.76,95.6,0.526,696568,1.0
2011,20,0.0,0.0,1.05,38.3,83.7,9.3,25.4,20.6,25.5,10.3,30.1,21.4,7.6,5.8,13.7,21.3,106.5,25.3,0.78,95.6,0.513,808879,1.0
2011,11,1.0,0.0,1.1025641025641026,38.7,85.1,8.3,22.5,20.3,25.4,11.7,31.1,23.8,7.1,4.5,13.5,20.0,105.9,26.5,2.18,94.2,0.503,663839,2.0
2011,24,1.0,0.0,0.9523809523809524,39.3,83.5,8.5,22.6,18.0,23.6,10.0,30.2,23.7,6.6,4.4,14.3,20.3,105.0,29.6,-0.89,94.4,0.522,720249,2.0
2011,21,1.0,1.0,2.0370370370370368,37.4,80.6,5.9,17.1,24.1,29.3,11.0,31.8,20.4,8.0,5.9,14.1,22.4,104.8,23.7,3.79,92.7,0.501,744068,0.0
2011,27,1.0,0.0,2.9047619047619047,38.4,80.8,8.4,21.1,18.5,24.2,10.1,31.7,22.4,7.3,4.5,13.4,19.0,103.7,28.8,5.71,92.3,0.527,750879,0.0
2011,10,1.0,0.0,0.7826086956521741,39.6,85.9,8.4,21.3,15.7,20.7,11.6,28.9,22.5,9.0,5.0,14.6,22.0,103.4,25.2,-2.33,94.8,0.51,766398,2.0
2011,16,0.0,1.0,2.4166666666666665,37.0,76.8,6.7,18.0,21.5,27.9,9.6,32.5,20.0,6.6,5.2,13.9,20.4,102.1,29.0,7.46,90.9,0.524,810930,0.0
2011,14,1.0,0.0,2.28,38.1,82.4,6.4,18.1,18.8,24.1,12.1,31.9,22.0,7.3,5.1,13.1,19.0,101.5,30.2,6.11,90.7,0.502,778877,0.0
2011,18,1.0,0.0,0.26153846153846155,37.7,85.5,7.2,19.1,18.5,24.1,13.2,31.2,20.1,7.2,5.1,17.0,22.3,101.1,23.8,-6.63,96.5,0.483,624960,2.0
2011,7,1.0,1.0,2.28,37.4,78.8,7.9,21.6,17.5,22.6,9.5,31.9,23.8,6.8,4.3,14.0,19.2,100.2,30.9,4.23,91.3,0.525,824162,0.0
2011,15,1.0,0.0,1.2777777777777777,39.0,82.9,3.8,11.3,18.1,24.2,11.8,29.2,20.6,9.4,5.4,14.0,20.8,99.9,25.2,2.34,91.9,0.493,600687,1.0
2011,12,0.0,0.0,0.8222222222222222,36.6,82.8,7.1,20.2,19.4,24.8,11.1,32.4,19.6,7.1,5.6,15.4,21.7,99.8,25.9,-1.07,94.7,0.486,555077,1.0
2011,29,1.0,0.0,0.9069767441860463,37.4,80.4,5.3,15.3,19.4,25.1,11.0,28.5,23.4,7.7,5.9,14.3,22.7,99.4,26.8,-1.83,91.0,0.498,799982,2.0
2011,26,1.0,0.0,0.4137931034482759,38.2,85.1,5.2,15.6,17.7,24.2,13.1,30.8,20.4,7.4,4.8,16.1,22.0,99.4,24.8,-5.34,95.2,0.48,569496,2.0
2011,22,0.0,0.0,1.7333333333333334,36.0,78.2,9.4,25.6,17.7,25.6,10.5,32.7,20.0,6.7,4.7,14.9,20.0,99.2,27.6,5.46,91.2,0.521,777852,0.0
2011,28,0.0,0.0,0.36666666666666653,38.3,82.4,4.2,13.3,18.2,24.1,11.7,28.6,21.9,7.1,4.3,14.7,22.0,99.1,24.5,-6.28,92.9,0.491,680255,2.0
2011,23,0.0,0.0,1.0,38.1,82.6,5.4,15.2,17.4,22.6,10.4,31.4,22.7,7.6,4.3,13.0,19.4,99.0,24.7,1.5,91.7,0.494,604823,1.0
2011,13,1.0,0.0,0.64,36.8,80.4,6.3,18.5,18.9,26.7,11.6,30.5,22.1,7.1,4.9,16.4,21.1,98.6,24.6,-3.13,92.8,0.496,727462,2.0
2011,5,0.0,1.0,3.1,37.1,80.3,6.2,17.3,18.2,24.5,11.8,32.4,22.3,7.2,5.7,14.2,20.0,98.6,26.4,7.32,90.4,0.501,893462,0.0
2011,30,0.0,0.0,0.3898305084745763,37.2,84.0,4.8,14.4,18.2,24.4,12.4,29.0,19.4,8.1,6.1,15.3,22.6,97.3,24.9,-7.4,93.8,0.471,688466,2.0
2011,9,0.0,0.0,0.5769230769230769,37.3,81.1,5.8,15.3,16.7,22.6,11.4,27.3,21.1,7.3,4.0,13.0,19.9,97.0,27.2,-3.6,89.2,0.495,683080,2.0
2011,2,0.0,0.0,2.1538461538461537,36.9,75.8,5.0,13.6,17.8,23.1,7.8,31.0,23.4,8.2,4.2,14.6,20.5,96.5,29.5,5.37,90.4,0.519,763584,0.0
2011,25,1.0,0.0,1.4117647058823528,36.0,80.5,6.3,18.3,18.0,22.4,12.1,27.2,21.2,8.0,4.4,13.0,19.3,96.3,26.7,1.52,87.9,0.486,840924,1.0
2011,6,0.0,0.0,0.3015873015873016,35.2,81.1,6.2,18.2,18.9,25.3,10.4,29.9,21.0,6.6,4.2,14.2,20.1,95.5,26.6,-9.01,93.0,0.472,824595,2.0
2011,1,0.0,0.0,1.1578947368421053,36.2,78.4,6.1,17.4,16.4,21.1,9.3,30.0,22.0,6.1,4.2,13.6,19.0,95.0,27.4,-0.82,89.3,0.501,641596,1.0
2011,19,1.0,0.0,1.2777777777777777,35.9,78.2,5.4,15.0,17.7,23.1,10.0,30.1,20.6,7.6,4.4,13.0,21.0,94.9,26.3,0.89,88.7,0.493,603088,1.0
2011,3,0.0,0.0,0.4137931034482759,35.6,81.0,5.6,16.3,17.4,22.9,11.1,29.8,21.0,5.6,4.7,14.0,22.0,94.2,24.8,-6.24,89.9,0.474,581378,2.0
2011,4,0.0,0.0,0.7083333333333334,35.0,77.6,4.8,14.7,18.4,24.4,10.3,29.8,21.1,6.4,5.3,14.5,20.0,93.3,26.9,-4.0,89.6,0.482,649694,2.0
2011,17,0.0,0.0,0.7446808510638298,34.3,79.8,5.9,17.2,17.4,22.9,10.5,30.2,18.8,7.5,4.9,13.5,20.5,91.9,26.7,-0.84,89.8,0.467,631912,2.0
2010,24,1.0,1.0,1.9285714285714288,40.7,82.8,8.9,21.6,19.9,25.8,11.1,31.9,23.3,5.8,5.1,14.8,20.9,110.2,28.5,4.9,95.3,0.546,723582,0.0
2010,10,1.0,0.0,0.4642857142857143,40.6,86.5,7.7,20.6,19.9,25.4,9.2,29.2,22.4,9.3,4.1,14.7,23.0,108.8,25.1,-3.6,100.4,0.514,739120,2.0
2010,8,1.0,0.0,1.827586206896552,38.1,81.4,6.6,18.5,23.6,30.6,10.8,30.5,21.0,8.3,5.1,13.9,22.5,106.5,27.7,4.09,94.8,0.509,737301,0.0
2010,29,1.0,0.0,1.827586206896552,39.4,80.2,5.4,14.7,20.2,27.2,10.6,31.6,26.7,8.2,4.9,15.2,22.7,104.2,25.6,5.34,93.8,0.524,794512,1.0
2010,28,0.0,0.0,0.9523809523809524,39.0,80.9,6.3,17.0,19.7,25.8,9.8,30.6,22.0,5.7,4.7,13.4,22.2,104.1,25.2,-1.78,93.1,0.521,733784,2.0
2010,22,0.0,1.0,2.565217391304348,36.6,78.0,10.3,27.3,19.2,26.5,9.9,33.4,19.7,6.2,5.6,14.1,19.9,102.8,27.9,7.49,92.0,0.536,715901,0.0
2010,15,1.0,0.0,0.9523809523809524,39.3,83.8,4.2,12.4,19.7,26.9,13.0,30.4,18.8,7.9,4.9,15.2,20.2,102.5,24.1,-1.51,93.6,0.494,552914,2.0
2010,11,1.0,0.0,1.05,37.7,84.4,7.9,22.4,19.0,24.7,11.8,30.1,21.8,7.1,3.9,14.5,20.9,102.4,26.0,-0.37,94.0,0.494,677658,2.0
2010,6,0.0,0.0,2.9047619047619047,37.8,77.9,7.3,19.3,19.1,26.6,9.6,32.8,22.4,6.9,5.2,13.9,19.4,102.1,28.0,6.52,91.4,0.532,843042,0.0
2010,20,0.0,0.0,0.5471698113207547,38.1,83.9,9.1,26.2,16.8,21.5,10.2,30.2,21.6,7.1,3.7,14.0,20.0,102.1,25.4,-3.82,94.0,0.509,799550,2.0
2010,7,1.0,0.0,2.0370370370370368,38.3,82.4,6.8,18.3,18.6,22.8,10.2,31.5,23.4,7.6,5.5,12.9,19.1,102.0,30.7,2.72,92.5,0.506,819770,0.0
2010,14,1.0,1.0,2.28,38.3,83.8,6.5,19.0,18.5,24.2,11.9,32.5,21.1,7.5,4.9,13.4,19.4,101.7,28.4,4.72,92.8,0.496,778877,0.0
2010,1,0.0,0.0,1.827586206896552,38.8,82.9,6.4,17.7,17.7,23.3,11.8,29.9,21.8,7.2,5.0,12.0,19.9,101.7,26.5,4.66,90.1,0.506,678375,0.0
2010,21,1.0,0.0,1.5625,37.4,80.8,5.1,15.0,21.7,27.0,11.7,31.8,20.0,8.0,5.9,15.0,21.3,101.5,23.2,3.49,93.1,0.494,738149,1.0
2010,27,1.0,0.0,1.5625,38.4,81.2,6.8,18.9,17.8,24.0,10.8,32.0,22.3,6.3,4.6,13.6,20.4,101.4,28.7,5.09,91.7,0.515,741676,1.0
2010,12,0.0,0.0,0.64,36.8,83.2,8.0,23.1,19.1,24.6,9.6,31.9,21.1,7.1,5.4,15.0,22.5,100.8,26.6,-3.01,97.1,0.491,582295,2.0
2010,19,1.0,0.0,0.8222222222222222,38.8,83.4,7.0,19.2,15.8,20.3,10.4,29.9,22.3,7.6,3.7,13.5,19.6,100.2,27.5,-2.46,92.6,0.506,617366,2.0
2010,26,1.0,0.0,0.43859649122807015,38.3,84.1,5.9,16.9,17.4,24.0,11.9,30.7,20.5,6.9,4.5,15.0,22.3,100.0,24.1,-4.37,94.0,0.491,543416,2.0
2010,2,0.0,1.0,1.5625,37.1,76.8,6.1,17.5,19.0,25.5,8.7,29.9,23.5,8.5,4.9,14.9,22.1,99.2,29.4,3.66,91.6,0.522,763584,0.0
2010,18,1.0,0.0,0.22388059701492535,37.9,84.4,4.9,14.4,17.5,23.5,11.7,31.2,19.8,7.3,3.7,16.3,20.7,98.2,24.1,-9.6,96.1,0.478,619170,2.0
2010,25,1.0,0.0,1.5625,36.3,78.7,6.0,16.9,19.6,24.8,11.1,29.1,20.4,6.4,4.3,12.3,20.9,98.1,26.6,3.3,87.7,0.499,840371,1.0
2010,23,0.0,0.0,0.4909090909090909,37.6,81.8,5.8,16.8,16.7,22.0,11.5,29.5,21.0,8.1,5.4,14.5,20.5,97.7,25.4,-3.9,91.6,0.496,583219,2.0
2010,17,0.0,0.0,1.2777777777777777,37.2,85.3,7.9,22.1,15.4,20.4,11.8,31.2,21.2,7.1,4.7,13.2,22.2,97.7,26.4,1.7,91.7,0.482,619453,1.0
2010,5,0.0,0.0,1.0,37.6,83.2,4.3,13.0,18.0,23.9,11.4,33.1,20.8,6.5,5.8,14.3,20.1,97.5,26.2,-1.63,93.1,0.477,849760,1.0
2010,16,0.0,0.0,1.3428571428571427,36.4,79.5,6.0,17.4,17.7,23.5,10.7,31.1,18.9,7.4,5.6,13.2,20.9,96.5,27.1,2.28,89.6,0.496,726935,1.0
2010,30,0.0,0.0,0.4642857142857143,36.7,81.7,5.3,14.9,17.6,23.1,11.8,30.0,19.0,6.0,5.1,14.9,21.4,96.2,27.6,-4.78,91.6,0.481,664398,2.0
2010,13,1.0,0.0,0.5471698113207547,36.6,80.5,5.9,17.8,16.6,22.8,11.3,30.5,22.1,6.5,5.7,15.7,19.3,95.7,27.3,-6.35,92.6,0.491,670063,2.0
2010,4,0.0,0.0,1.1578947368421053,34.9,76.9,5.6,16.2,20.0,26.6,10.5,30.4,20.2,7.7,5.4,15.7,19.5,95.3,27.4,1.46,90.4,0.49,648520,1.0
2010,9,0.0,0.0,0.4909090909090909,35.9,80.5,4.6,14.5,17.7,24.4,12.8,27.3,19.4,7.3,3.8,13.4,22.2,94.0,26.7,-5.11,88.5,0.474,768826,2.0
2010,3,0.0,0.0,0.17142857142857146,34.3,79.9,4.6,14.5,19.2,24.6,10.9,28.8,18.8,7.0,4.8,14.4,20.0,92.4,24.8,-9.12,91.4,0.458,537230,2.0
2009,24,1.0,0.0,1.2777777777777777,41.1,81.6,6.7,17.6,20.4,27.5,11.0,30.7,23.2,7.2,5.1,15.7,20.6,109.4,29.5,1.93,96.0,0.545,755302,2.0
2009,10,1.0,0.0,0.5471698113207547,39.4,86.0,6.7,18.0,23.1,29.2,11.6,30.4,20.9,7.8,6.4,14.6,22.5,108.6,25.0,-3.74,98.2,0.4970000000000001,776660,2.0
2009,14,1.0,1.0,3.8235294117647056,40.3,85.1,6.7,18.5,19.6,25.5,12.4,31.5,23.3,8.8,5.1,13.5,20.7,106.9,27.4,7.66,94.3,0.513,778877,0.0
2009,20,0.0,0.0,0.64,38.5,86.5,10.0,27.9,18.2,23.2,11.1,31.0,21.2,7.4,2.5,14.3,20.4,105.2,25.7,-2.61,96.7,0.503,790801,2.0
2009,12,0.0,0.0,0.7826086956521741,39.3,86.3,8.0,21.0,18.6,23.0,11.3,32.5,21.6,7.0,5.3,14.5,23.1,105.1,26.5,-1.11,96.5,0.501,581472,2.0
2009,8,1.0,1.0,1.9285714285714288,37.3,79.4,6.7,18.0,23.1,30.3,11.0,30.6,22.2,8.7,6.0,15.3,22.9,104.3,27.7,3.41,94.3,0.512,706165,0.0
2009,29,1.0,0.0,1.4117647058823528,38.3,80.8,4.8,13.7,22.1,28.7,11.5,29.5,24.7,8.8,4.6,14.8,22.3,103.6,25.5,2.65,93.1,0.504,816042,1.0
2009,5,0.0,0.0,1.0,38.1,83.5,6.0,15.8,19.9,25.0,11.8,30.3,21.1,7.5,5.5,14.5,20.8,102.2,24.9,-0.28,93.1,0.493,868667,1.0
2009,7,1.0,0.0,1.5625,38.1,82.6,7.0,19.9,18.5,22.6,11.1,31.6,21.7,7.2,5.2,12.7,19.5,101.7,29.0,1.98,91.5,0.504,821723,1.0
2009,22,0.0,1.0,2.565217391304348,35.7,78.2,10.0,26.2,19.6,27.5,10.0,33.3,19.4,7.0,5.4,13.9,20.3,101.0,27.3,6.7,92.3,0.52,698768,0.0
2009,2,0.0,0.0,3.1,37.5,77.2,6.6,16.5,19.4,25.3,10.6,31.5,22.7,7.6,4.7,15.6,23.1,100.9,27.8,7.51,90.4,0.528,763584,0.0
2009,26,1.0,0.0,0.26153846153846155,36.5,81.5,7.1,19.4,20.5,25.7,10.2,28.9,19.7,6.9,4.3,15.4,23.3,100.6,26.3,-8.76,94.2,0.491,520169,2.0
2009,6,0.0,1.0,4.125,36.9,78.7,8.0,20.4,18.6,24.5,10.8,31.4,20.3,7.2,5.3,12.7,20.3,100.3,26.6,8.93,88.7,0.519,841000,0.0
2009,25,1.0,0.0,1.9285714285714288,36.8,79.2,7.3,19.0,18.5,24.2,12.9,28.8,20.3,6.7,4.9,12.9,20.4,99.4,24.0,5.34,86.6,0.511,841499,0.0
2009,17,0.0,0.0,0.7083333333333334,36.7,82.4,6.2,17.2,19.7,25.2,11.9,28.9,22.0,7.4,3.8,14.1,24.2,99.3,26.3,-1.09,92.6,0.483,630976,2.0
2009,28,0.0,0.0,0.6734693877551021,37.2,81.4,5.8,15.7,18.7,22.7,9.8,30.6,22.4,6.4,4.8,13.4,19.4,99.0,27.0,-2.82,92.0,0.494,769707,2.0
2009,11,1.0,0.0,1.827586206896552,36.1,79.6,7.6,20.2,18.7,23.2,10.5,32.5,20.3,6.7,4.3,14.1,18.9,98.4,27.9,4.0,90.2,0.501,717669,1.0
2009,16,0.0,0.0,1.1025641025641026,37.0,81.0,7.1,19.9,17.2,22.8,10.1,29.4,20.4,7.9,5.5,12.5,20.7,98.3,25.6,0.26,89.9,0.5,748778,1.0
2009,1,0.0,0.0,1.3428571428571427,36.0,78.7,7.3,19.9,18.7,25.4,10.6,29.4,20.2,7.4,4.6,12.8,19.6,98.1,25.8,1.57,89.6,0.504,686688,0.0
2009,3,0.0,0.0,0.7083333333333334,35.7,79.7,8.0,21.2,18.8,24.1,10.4,29.5,20.0,6.8,4.8,13.1,22.4,98.1,25.7,-2.44,89.9,0.4970000000000001,621062,2.0
2009,18,1.0,0.0,0.4137931034482759,36.4,82.5,6.6,18.8,18.3,23.9,11.9,29.8,20.4,6.2,3.9,14.2,21.8,97.8,25.4,-4.91,91.6,0.481,595013,2.0
2009,23,0.0,0.0,1.0,36.5,79.7,4.2,13.1,20.1,27.0,12.7,28.5,20.1,8.0,5.1,14.1,20.1,97.4,26.1,0.07,90.0,0.485,647898,1.0
2009,27,1.0,0.0,1.9285714285714288,37.1,79.7,7.6,19.8,15.2,20.0,8.9,32.2,21.2,5.8,4.0,11.7,18.9,97.0,30.4,3.76,88.4,0.513,749048,0.0
2009,21,1.0,0.0,0.3898305084745763,36.6,81.9,4.0,11.6,19.8,25.2,12.2,30.5,20.3,7.4,4.5,16.2,20.2,97.0,24.5,-6.1,93.6,0.471,766868,2.0
2009,30,0.0,0.0,0.3015873015873016,36.5,81.2,4.8,14.6,18.2,23.8,11.7,28.4,20.0,7.5,4.5,14.0,20.5,96.1,26.9,-7.46,91.0,0.48,681119,2.0
2009,19,1.0,0.0,1.4848484848484849,35.5,77.6,6.8,18.6,18.0,22.4,9.8,29.9,19.6,7.2,4.1,12.5,20.3,95.8,28.2,1.55,87.8,0.501,695727,1.0
2009,13,1.0,0.0,0.3015873015873016,36.0,81.7,6.5,18.5,16.5,22.4,10.9,29.0,21.0,7.0,5.9,14.9,20.1,95.1,26.6,-8.77,92.1,0.481,663587,2.0
2009,9,0.0,0.0,0.9069767441860463,36.4,80.0,4.6,13.2,16.9,22.5,11.6,29.9,20.6,6.0,4.6,11.9,20.9,94.2,28.2,-0.49,86.7,0.483,896971,1.0
2009,15,1.0,0.0,0.4137931034482759,34.9,77.0,4.9,13.5,19.1,25.3,10.3,28.5,17.4,7.5,4.7,15.3,21.7,93.9,23.3,-5.46,90.1,0.486,519895,2.0
2009,4,0.0,0.0,0.7446808510638298,35.0,76.8,6.0,16.3,17.7,24.0,10.8,28.9,21.2,7.1,4.8,15.6,21.4,93.6,25.8,-1.27,88.3,0.494,597548,2.0
2008,10,1.0,0.0,1.4117647058823528,41.5,90.3,9.3,26.6,18.8,24.9,12.7,30.4,22.4,9.1,4.6,13.2,22.9,111.0,25.5,2.21,98.8,0.511,804864,2.0
2008,8,1.0,0.0,1.5625,40.3,85.8,6.9,19.6,23.1,30.7,11.2,32.9,24.7,9.2,6.7,14.7,21.1,110.7,28.5,3.71,99.7,0.51,711962,1.0
2008,24,1.0,0.0,2.0370370370370368,41.4,82.7,8.5,21.5,18.9,24.1,8.8,32.7,26.7,6.5,6.3,14.4,19.9,110.1,29.3,5.05,96.7,0.551,755302,1.0
2008,14,1.0,1.0,2.28,39.6,83.1,8.1,21.4,21.3,27.7,11.0,33.2,24.4,8.0,5.3,14.1,20.6,108.6,26.7,7.26,95.6,0.525,778877,0.0
2008,29,1.0,0.0,1.9285714285714288,40.0,80.4,5.0,13.4,21.3,28.0,11.5,29.4,26.4,8.7,4.3,14.6,24.0,106.2,25.3,6.88,93.2,0.528,816211,0.0
2008,22,0.0,0.0,1.7333333333333334,37.3,78.6,9.8,25.3,20.1,27.9,9.4,32.6,20.8,6.3,4.1,14.3,20.6,104.5,26.7,5.46,93.4,0.537,709346,0.0
2008,12,0.0,0.0,0.7826086956521741,37.8,85.3,9.2,24.6,19.1,24.9,11.0,32.1,22.7,7.6,5.0,15.1,23.4,104.0,26.7,-1.4,97.7,0.498,501092,2.0
2008,26,1.0,0.0,0.8636363636363636,37.1,80.0,6.2,16.7,22.1,27.7,10.1,30.0,19.1,7.9,4.1,16.1,22.4,102.5,27.3,-2.26,94.7,0.503,580181,2.0
2008,19,1.0,0.0,2.1538461538461537,38.6,82.9,7.7,19.8,16.0,20.8,11.4,30.4,21.8,7.8,3.9,11.9,18.7,100.9,27.1,5.28,89.9,0.512,581432,0.0
2008,15,1.0,0.0,0.36666666666666653,37.3,82.2,7.6,21.7,18.5,25.6,10.3,31.3,19.2,6.1,4.7,15.3,19.4,100.7,24.5,-6.21,95.3,0.5,523578,2.0
2008,2,0.0,1.0,4.125,36.4,76.7,7.3,19.1,20.5,26.5,10.1,31.9,22.4,8.5,4.6,15.2,22.7,100.5,27.9,10.26,90.9,0.522,763584,0.0
2008,7,1.0,0.0,1.6451612903225807,36.9,79.5,6.0,17.1,20.6,25.3,10.8,32.2,21.0,6.0,4.9,12.6,21.8,100.4,28.9,4.54,90.2,0.502,831738,1.0
2008,28,0.0,0.0,1.0,38.4,82.0,7.0,17.8,16.4,20.2,9.6,30.4,23.8,7.0,4.1,11.7,19.5,100.2,26.3,2.9,90.2,0.511,796835,1.0
2008,30,0.0,0.0,1.1025641025641026,36.4,81.6,7.0,19.7,19.0,24.3,12.3,29.3,19.6,7.7,4.8,13.2,19.6,98.8,27.2,-0.33,89.5,0.489,736461,0.0
2008,1,0.0,0.0,0.8222222222222222,36.3,79.9,4.7,13.1,21.0,27.2,12.3,29.9,22.0,7.3,5.5,14.9,20.4,98.2,24.2,-1.82,91.1,0.483,667518,1.0
2008,21,1.0,0.0,0.3225806451612903,38.1,85.8,3.8,11.5,17.5,22.8,11.8,32.8,21.3,6.5,4.9,16.0,20.5,97.5,25.4,-8.76,96.3,0.467,547556,2.0
2008,9,0.0,1.0,2.565217391304348,36.6,79.9,5.9,16.2,18.4,24.0,11.9,29.5,22.3,7.1,5.8,11.7,20.6,97.5,28.3,7.39,87.3,0.495,905116,0.0
2008,5,0.0,0.0,0.6734693877551021,36.4,83.7,5.8,15.9,18.7,24.7,12.8,30.2,22.1,7.7,5.2,14.6,21.8,97.3,25.7,-3.09,93.0,0.47,901502,2.0
2008,4,0.0,0.0,0.64,36.1,79.9,6.5,17.6,18.4,25.8,10.9,29.8,21.3,7.5,4.9,14.7,21.7,97.1,26.3,-4.38,91.8,0.4920000000000001,603403,2.0
2008,17,0.0,0.0,0.4642857142857143,36.9,82.3,5.5,16.0,17.7,24.1,12.9,28.8,21.5,6.6,4.4,14.8,21.3,97.0,25.8,-6.89,91.3,0.482,639421,2.0
2008,20,0.0,0.0,0.3898305084745763,36.2,82.4,6.0,17.7,18.6,25.5,12.5,30.0,18.7,6.4,2.6,14.5,21.5,96.9,25.7,-6.61,91.6,0.475,783739,2.0
2008,11,1.0,0.0,2.0370370370370368,36.6,81.7,7.1,20.8,16.4,22.5,12.2,32.4,21.4,7.3,5.1,13.7,19.6,96.7,28.3,4.68,90.4,0.4920000000000001,718524,1.0
2008,23,0.0,0.0,0.9523809523809524,37.3,81.1,3.7,11.6,18.4,26.1,13.0,28.9,20.4,8.7,4.9,14.3,19.8,96.6,25.3,0.41,90.4,0.482,609675,1.0
2008,6,0.0,0.0,1.2162162162162162,35.8,81.7,6.7,18.8,18.0,25.1,13.3,31.3,20.0,7.1,5.2,14.0,20.9,96.4,27.1,-0.35,90.2,0.48,839074,1.0
2008,3,0.0,0.0,0.7083333333333334,34.8,78.7,6.1,17.4,20.1,27.3,11.1,30.7,23.5,6.4,4.8,15.0,22.6,95.8,27.4,-5.06,91.5,0.481,641921,2.0
2008,18,1.0,0.0,0.36666666666666653,37.5,83.1,5.4,15.4,15.2,20.6,11.8,29.6,19.9,7.5,3.7,14.5,23.0,95.6,24.6,-6.78,91.9,0.484,593537,2.0
2008,27,1.0,1.0,2.1538461538461537,35.8,78.3,7.2,19.6,16.5,21.6,9.4,31.9,21.0,6.4,4.1,12.6,18.7,95.4,31.4,4.79,88.8,0.504,761149,0.0
2008,25,1.0,0.0,1.0,35.8,79.8,6.6,17.4,17.2,22.5,11.0,29.7,21.1,5.5,4.4,12.9,20.0,95.4,24.1,-0.98,87.9,0.489,801566,2.0
2008,13,1.0,0.0,0.3898305084745763,34.4,78.6,4.3,13.2,20.8,26.6,9.8,30.4,21.1,6.8,4.9,14.4,21.3,93.8,28.5,-7.27,92.1,0.465,692408,2.0
2008,16,0.0,0.0,0.22388059701492535,34.2,77.3,6.0,16.7,16.9,23.2,9.1,28.6,20.0,7.2,4.3,14.7,20.4,91.4,27.4,-8.65,90.2,0.482,798004,2.0
2007,24,1.0,0.0,2.9047619047619047,41.3,83.6,9.6,24.0,18.0,22.3,9.0,31.5,25.9,6.7,4.8,14.5,20.2,110.2,27.6,7.3,95.6,0.551,755302,0.0
2007,10,1.0,0.0,1.05,39.8,86.0,8.5,24.0,18.5,25.8,11.5,30.0,23.8,9.1,5.7,16.0,23.6,106.5,24.6,-0.34,99.2,0.512,742267,1.0
2007,8,1.0,0.0,1.2162162162162162,38.6,83.0,5.9,17.6,22.3,29.9,12.2,31.2,23.4,8.3,5.3,16.5,21.4,105.4,26.5,1.62,97.4,0.501,706437,1.0
2007,30,0.0,0.0,1.0,37.4,83.2,6.8,19.7,22.6,29.6,12.2,29.0,20.2,7.7,4.6,13.8,22.2,104.3,26.8,-0.51,94.1,0.491,753283,1.0
2007,14,1.0,0.0,1.05,37.8,81.3,7.4,21.0,20.2,27.1,10.8,30.4,22.6,7.3,5.1,15.5,23.0,103.3,25.3,-0.07,93.5,0.511,778415,1.0
2007,15,1.0,0.0,0.36666666666666653,36.6,78.6,6.1,16.6,22.4,29.4,10.6,29.0,20.5,6.9,5.0,16.4,22.3,101.6,26.2,-5.15,93.6,0.504,600836,2.0
2007,29,1.0,1.0,1.6451612903225807,37.4,78.9,4.3,12.9,22.3,30.0,12.6,30.0,24.7,7.0,4.1,15.6,25.2,101.5,25.9,2.87,91.6,0.502,802214,0.0
2007,26,1.0,0.0,0.6734693877551021,35.9,79.7,6.5,18.5,23.1,30.2,9.7,29.2,20.3,8.2,3.2,14.6,21.9,101.3,27.3,-1.8,94.8,0.491,709997,2.0
2007,7,1.0,0.0,4.466666666666667,36.7,78.6,6.5,17.1,20.1,24.9,11.2,30.7,19.9,6.8,5.0,13.9,22.4,100.0,28.1,7.22,89.5,0.509,834411,0.0
2007,17,0.0,0.0,0.5185185185185185,38.1,81.9,6.4,18.0,17.1,23.4,11.5,27.7,21.6,7.2,2.7,15.1,22.2,99.7,26.0,-4.38,92.3,0.504,663629,2.0
2007,28,0.0,0.0,1.3428571428571427,37.0,79.8,6.5,17.9,19.0,24.2,9.2,30.2,22.2,7.1,3.9,13.5,20.4,99.5,26.0,0.99,92.6,0.504,748603,0.0
2007,21,1.0,0.0,0.6078431372549019,37.2,80.8,6.4,17.7,18.4,23.3,11.3,28.3,20.7,7.7,3.7,15.5,22.0,99.1,25.9,-2.89,91.8,0.499,654163,2.0
2007,5,0.0,0.0,1.4848484848484849,37.1,81.3,5.9,15.1,18.6,25.4,12.0,31.7,22.3,7.8,5.4,16.0,23.3,98.8,26.0,5.01,93.6,0.493,912364,1.0
2007,27,1.0,1.0,2.4166666666666665,36.6,77.2,7.3,19.0,18.1,24.1,9.3,31.4,22.1,7.2,5.1,13.9,19.4,98.5,30.4,8.43,89.8,0.521,764823,0.0
2007,3,0.0,0.0,1.0,35.5,77.8,7.4,20.4,19.1,26.3,10.0,30.8,23.9,6.1,3.3,14.8,22.8,97.6,28.2,-0.77,91.4,0.504,693955,1.0
2007,20,0.0,0.0,0.6734693877551021,35.4,77.5,5.8,16.7,20.9,29.2,12.6,30.7,18.7,6.6,3.2,17.1,23.6,97.5,25.4,-2.85,90.8,0.494,770617,2.0
2007,11,1.0,0.0,1.7333333333333334,35.4,79.6,8.6,23.1,17.5,23.2,10.7,32.6,20.8,7.1,4.1,14.2,20.9,97.0,28.2,4.85,90.7,0.499,678362,1.0
2007,4,0.0,0.0,0.6734693877551021,36.1,81.0,5.6,15.6,19.1,26.0,11.2,28.6,22.4,7.8,4.5,14.9,24.2,96.9,25.5,-3.74,92.0,0.48,637520,2.0
2007,6,0.0,1.0,1.5625,36.3,81.2,6.0,17.1,18.1,26.0,12.7,30.8,20.8,7.6,4.3,14.4,21.7,96.8,26.9,3.83,90.8,0.484,837883,0.0
2007,18,1.0,0.0,0.64,36.5,79.3,4.7,13.3,18.3,23.1,10.0,30.2,22.5,6.5,4.0,15.6,21.4,96.1,27.7,-3.67,91.0,0.49,655947,2.0
2007,9,0.0,1.0,1.827586206896552,35.9,79.1,5.5,15.9,18.8,24.2,11.6,29.0,21.6,7.1,5.8,12.2,20.4,96.0,29.0,4.16,87.3,0.488,905116,0.0
2007,2,0.0,0.0,0.4137931034482759,34.9,78.7,5.7,15.6,20.4,26.6,11.2,29.2,19.9,7.2,4.7,16.5,24.0,95.8,23.5,-3.41,92.0,0.479,690576,2.0
2007,13,1.0,0.0,0.9523809523809524,35.1,77.0,3.8,11.0,21.6,27.4,10.8,30.3,21.5,7.3,5.8,15.1,22.7,95.6,27.5,-0.46,90.8,0.481,755261,2.0
2007,12,0.0,0.0,0.7446808510638298,35.0,80.0,5.9,16.9,19.7,25.9,12.1,29.8,20.5,7.3,5.5,16.3,23.3,95.6,27.2,-2.44,92.4,0.474,629750,2.0
2007,19,1.0,0.0,0.9069767441860463,36.2,81.4,5.5,15.3,17.5,23.7,12.5,30.6,18.7,6.4,4.2,14.5,19.8,95.5,26.4,-1.57,90.2,0.479,731165,2.0
2007,23,0.0,0.0,0.7446808510638298,35.8,78.1,3.5,10.0,20.0,26.0,11.0,28.7,20.4,7.2,4.8,15.3,20.4,94.9,26.2,-3.02,90.7,0.48,608603,2.0
2007,22,0.0,0.0,0.9523809523809524,35.1,74.3,4.2,11.7,20.5,29.2,11.2,29.5,18.6,6.9,5.1,17.0,23.2,94.8,25.6,0.78,89.9,0.5,700887,1.0
2007,16,0.0,0.0,1.1578947368421053,35.6,76.7,6.4,18.8,17.0,24.6,10.0,30.8,20.5,6.9,5.4,14.6,21.3,94.6,29.3,-0.91,89.9,0.506,808541,0.0
2007,25,1.0,0.0,0.64,35.0,78.0,5.2,15.0,18.8,24.5,11.3,28.0,18.5,6.8,4.6,15.1,23.5,94.1,24.4,-4.29,88.3,0.483,670778,2.0
2007,1,0.0,0.0,0.5769230769230769,34.5,77.7,4.2,12.7,20.5,26.9,11.9,28.2,19.2,7.4,5.4,15.9,24.0,93.7,24.1,-4.76,90.0,0.471,639375,2.0
2006,24,1.0,1.0,1.9285714285714288,41.8,87.4,10.2,25.6,14.5,18.0,9.5,32.3,26.6,6.7,5.0,13.3,20.5,108.4,27.5,5.55,95.8,0.537,730179,0.0
2006,21,1.0,0.0,0.7446808510638298,37.5,81.8,7.4,19.9,20.1,25.7,12.4,27.2,20.7,7.6,3.7,14.7,23.6,102.6,25.6,-3.02,91.6,0.504,664157,2.0
2006,30,0.0,0.0,1.05,36.3,81.2,6.1,17.0,23.0,30.4,12.6,28.6,18.6,8.0,4.1,13.9,22.6,101.7,26.5,1.85,92.3,0.484,705062,1.0
2006,28,0.0,0.0,0.4909090909090909,36.7,81.0,7.4,19.8,20.2,25.5,10.5,27.9,19.4,6.5,3.3,13.1,24.0,101.1,25.9,-2.99,91.1,0.5,699332,2.0
2006,8,1.0,0.0,1.1578947368421053,37.5,81.4,4.3,13.1,21.0,28.2,11.0,30.3,23.4,8.5,5.6,14.8,22.7,100.3,27.4,0.23,93.9,0.488,702555,0.0
2006,16,0.0,1.0,1.7333333333333334,37.1,77.5,6.1,17.6,19.7,28.2,10.5,32.6,20.6,6.4,5.4,14.5,22.8,99.9,29.2,3.87,91.6,0.517,818149,0.0
2006,14,1.0,0.0,1.2162162162162162,36.5,80.6,6.7,19.3,19.7,26.5,11.8,30.3,21.1,7.7,4.3,13.9,23.1,99.4,25.1,2.5,90.9,0.495,774189,1.0
2006,23,0.0,0.0,0.8636363636363636,36.6,79.8,4.6,12.6,21.6,28.4,10.6,29.6,20.2,7.9,4.9,14.1,20.9,99.4,26.5,-1.95,92.7,0.487,677278,2.0
2006,7,1.0,1.0,2.727272727272727,36.0,77.7,5.1,13.6,22.2,28.3,12.6,29.6,18.0,7.2,6.0,13.6,22.4,99.1,27.5,6.07,87.8,0.495,824693,0.0
2006,26,1.0,0.0,1.1578947368421053,36.0,79.3,6.0,17.2,20.8,26.5,10.4,30.2,22.3,7.4,3.6,14.6,20.4,98.9,27.2,1.54,91.9,0.4920000000000001,709997,1.0
2006,10,1.0,0.0,0.7083333333333334,35.8,82.7,7.6,22.3,19.2,26.7,12.0,30.3,20.7,7.4,4.4,14.1,23.7,98.5,25.6,-1.35,93.3,0.479,749185,2.0
2006,2,0.0,0.0,0.6734693877551021,36.0,77.1,5.7,15.7,20.3,26.9,9.9,29.7,20.9,7.0,5.1,16.6,24.8,98.0,25.3,-1.54,92.2,0.504,692873,2.0
2006,17,0.0,0.0,0.9523809523809524,36.3,80.1,6.2,16.3,19.0,25.8,11.3,29.9,21.6,7.3,3.3,14.6,23.2,97.8,25.5,-1.04,91.2,0.4920000000000001,681337,1.0
2006,5,0.0,0.0,1.0,36.6,82.2,6.8,18.0,17.7,24.0,11.0,31.7,22.0,6.2,4.2,14.9,24.9,97.8,24.1,0.63,92.9,0.487,868720,1.0
2006,6,0.0,0.0,1.5625,35.5,78.2,6.1,17.9,20.6,28.3,11.7,30.6,19.0,6.9,4.8,13.9,21.1,97.6,27.1,2.23,89.8,0.4920000000000001,792391,0.0
2006,1,0.0,0.0,0.4642857142857143,35.9,79.2,5.2,14.1,20.2,26.9,13.0,27.2,19.8,7.2,4.8,15.7,25.0,97.2,22.7,-4.76,90.4,0.486,617817,2.0
2006,13,1.0,0.0,1.3428571428571427,36.5,78.6,3.5,10.3,20.7,26.1,10.1,33.0,20.8,6.5,6.1,14.5,22.8,97.2,26.8,1.57,91.7,0.487,712409,1.0
2006,4,0.0,0.0,0.4642857142857143,36.1,83.5,5.2,15.4,19.4,26.7,12.1,27.7,20.9,10.0,4.3,14.2,23.9,96.9,25.2,-4.0,93.4,0.464,671011,2.0
2006,9,0.0,1.0,3.555555555555556,36.4,80.0,6.8,17.7,17.3,23.8,11.9,28.6,24.0,7.1,6.0,11.4,18.5,96.8,28.5,6.67,86.8,0.4970000000000001,905116,0.0
2006,20,0.0,0.0,0.3898305084745763,34.4,75.7,3.9,10.8,22.9,31.5,12.6,28.8,17.9,6.8,3.3,17.7,26.3,95.6,25.6,-6.4,90.8,0.481,776176,2.0
2006,27,1.0,0.0,3.3157894736842106,36.5,77.3,6.4,16.6,16.2,23.1,10.4,31.1,20.9,6.6,5.7,13.7,20.9,95.6,29.8,6.82,88.5,0.513,770677,0.0
2006,22,0.0,0.0,0.7826086956521741,35.5,75.2,3.6,9.7,20.3,27.8,10.9,29.3,18.2,6.5,4.4,15.1,23.3,94.9,25.5,-1.07,88.3,0.496,638005,2.0
2006,12,0.0,0.0,1.0,34.0,76.5,6.5,18.7,19.4,26.3,11.0,31.2,19.9,7.3,5.0,15.3,22.2,93.9,27.3,1.89,89.7,0.487,663368,1.0
2006,3,0.0,0.0,1.4848484848484849,33.9,77.0,5.8,17.6,20.2,26.7,10.0,31.0,23.0,6.8,3.4,13.6,23.2,93.8,28.6,1.37,89.8,0.478,691543,0.0
2006,19,1.0,0.0,0.8636363636363636,34.5,78.4,3.7,10.8,20.1,26.5,11.2,29.0,18.5,7.5,3.8,13.4,21.8,92.8,26.3,-2.82,89.0,0.464,744920,2.0
2006,29,1.0,0.0,1.0,33.5,75.7,3.8,11.3,21.6,30.1,13.1,29.0,21.6,6.4,6.0,15.7,24.8,92.4,25.6,-2.63,87.8,0.467,751621,2.0
2006,15,1.0,0.0,1.4848484848484849,33.5,74.7,7.2,19.2,18.0,25.3,10.2,29.0,19.3,7.3,5.4,13.8,21.4,92.2,28.1,3.7,86.3,0.496,647533,1.0
2006,18,1.0,0.0,0.6734693877551021,35.2,77.3,3.8,11.5,17.5,23.1,9.9,29.5,20.9,6.8,5.7,14.5,23.0,91.7,26.7,-1.88,88.8,0.48,662167,2.0
2006,11,1.0,0.0,0.7083333333333334,33.0,76.2,5.7,17.2,18.3,24.1,10.4,31.3,19.3,7.2,3.9,14.5,22.7,90.1,28.8,-1.59,88.0,0.471,636110,2.0
2006,25,1.0,0.0,0.3442622950819672,34.0,76.4,4.4,12.7,16.3,23.7,10.8,26.9,18.2,6.5,5.3,14.7,22.3,88.8,24.6,-9.45,87.6,0.474,617019,2.0
2005,24,1.0,1.0,3.1,40.9,85.6,9.7,24.7,19.0,25.4,11.8,32.3,23.5,7.0,5.5,13.7,19.1,110.4,25.2,7.12,95.9,0.534,726066,0.0
2005,26,1.0,0.0,1.5625,39.1,85.1,6.4,17.0,19.2,24.4,12.5,29.9,24.5,8.2,3.9,13.1,20.5,103.7,27.7,2.16,93.0,0.496,709997,1.0
2005,7,1.0,0.0,2.4166666666666665,37.3,81.6,5.6,15.5,22.3,28.2,12.1,30.9,19.6,8.6,5.6,13.4,22.3,102.5,27.7,5.74,92.7,0.4920000000000001,822533,0.0
2005,16,0.0,1.0,2.565217391304348,37.8,77.7,5.8,15.4,20.2,30.1,10.8,32.2,21.8,6.4,5.8,13.7,22.1,101.5,28.0,6.52,90.8,0.524,815143,0.0
2005,2,0.0,0.0,1.2162162162162162,37.1,79.4,5.3,15.3,21.6,28.3,11.1,29.7,22.1,8.1,5.2,15.8,24.4,101.3,27.1,0.87,93.3,0.501,656081,0.0
2005,30,0.0,0.0,1.2162162162162162,36.2,82.9,6.3,18.3,21.9,30.2,13.8,29.0,19.1,8.7,4.2,14.3,22.0,100.5,25.3,-0.33,93.3,0.474,705069,1.0
2005,28,0.0,0.0,0.6734693877551021,36.0,81.2,7.9,20.5,19.8,25.6,10.3,29.8,20.4,7.6,3.9,13.3,22.9,99.7,27.0,-1.62,92.7,0.4920000000000001,703388,2.0
2005,8,1.0,0.0,1.4848484848484849,37.0,80.7,3.9,11.5,21.5,28.2,11.8,30.2,23.9,9.1,6.0,14.9,22.9,99.5,26.7,2.02,93.5,0.483,723949,1.0
2005,22,0.0,0.0,0.7826086956521741,37.0,81.5,3.9,11.2,21.6,28.5,12.7,31.0,19.3,7.7,5.4,16.1,23.6,99.5,26.5,-2.24,94.7,0.478,597942,2.0
2005,23,0.0,0.0,1.1025641025641026,35.9,82.1,6.2,17.7,21.1,26.8,11.1,30.9,20.9,9.2,3.9,15.5,22.9,99.1,26.4,-0.74,94.9,0.475,732686,1.0
2005,21,1.0,0.0,1.7333333333333334,35.1,79.2,8.1,22.2,20.5,26.0,12.7,28.2,18.1,6.7,4.1,13.6,23.7,98.9,26.0,2.29,87.9,0.495,675490,0.0
2005,14,1.0,0.0,0.7083333333333334,35.3,80.8,7.9,22.1,20.3,26.1,12.5,30.6,20.4,6.2,4.2,14.3,21.9,98.7,26.0,-2.96,90.8,0.485,770494,2.0
2005,10,1.0,0.0,0.7083333333333334,36.9,85.8,7.6,21.6,17.2,23.8,13.0,29.7,22.1,7.8,5.1,13.6,22.4,98.7,26.7,-2.16,93.3,0.475,670368,2.0
2005,20,0.0,0.0,0.6734693877551021,36.3,80.5,5.4,15.1,19.3,25.1,11.8,29.2,20.3,7.7,3.2,14.7,23.7,97.3,27.3,-2.44,90.7,0.485,800144,2.0
2005,17,0.0,0.0,0.5769230769230769,36.1,80.2,4.0,11.3,21.0,27.2,12.0,29.3,21.0,6.5,3.5,13.8,21.9,97.2,26.9,-2.99,90.8,0.475,637009,2.0
2005,18,1.0,0.0,1.1578947368421053,37.1,80.8,4.8,14.0,17.7,22.2,11.5,31.5,23.4,5.6,5.5,13.2,21.6,96.8,29.0,1.45,89.1,0.489,704438,2.0
2005,6,0.0,0.0,1.05,36.5,81.5,3.7,11.0,19.9,26.5,13.6,28.7,22.6,8.0,5.6,13.9,22.6,96.5,26.5,0.79,89.7,0.47,784249,2.0
2005,27,1.0,1.0,2.565217391304348,35.6,78.7,6.2,17.0,18.7,25.9,12.0,30.4,21.6,7.5,6.6,13.7,20.9,96.2,28.5,7.8,88.9,0.4920000000000001,750970,0.0
2005,13,1.0,0.0,0.8222222222222222,35.7,77.7,2.8,8.2,21.6,27.7,12.0,29.9,23.2,7.3,5.1,15.7,22.2,95.7,25.5,-0.77,89.1,0.477,696181,2.0
2005,11,1.0,0.0,1.6451612903225807,34.7,78.3,6.7,18.5,18.9,24.2,10.7,31.7,21.1,6.9,4.6,13.8,22.0,95.1,29.7,4.04,88.8,0.486,663444,1.0
2005,5,0.0,0.0,1.3428571428571427,34.7,80.4,6.2,17.5,18.7,25.0,12.2,31.6,21.3,7.0,4.5,16.7,24.7,94.5,25.0,1.06,92.4,0.471,828384,0.0
2005,4,0.0,0.0,0.28125,36.1,83.6,3.9,10.7,18.1,25.6,13.2,28.5,21.9,8.5,5.4,14.5,23.1,94.3,24.9,-5.99,92.3,0.455,591701,2.0
2005,15,1.0,0.0,1.2162162162162162,34.2,76.5,6.5,18.1,18.6,24.7,10.8,28.1,20.9,8.5,5.8,14.6,23.3,93.4,26.3,2.29,88.5,0.489,691362,1.0
2005,9,0.0,1.0,1.9285714285714288,34.8,78.3,4.4,12.8,19.4,26.2,12.9,30.6,21.8,7.0,6.1,13.8,20.0,93.3,27.9,3.87,87.2,0.472,905116,0.0
2005,12,0.0,0.0,1.1578947368421053,32.5,75.2,6.6,19.2,21.3,26.9,10.6,29.5,18.2,7.5,4.4,14.3,23.0,93.0,28.3,0.76,87.2,0.476,696764,1.0
2005,29,1.0,0.0,0.4642857142857143,34.5,76.8,3.0,9.3,21.0,27.7,12.8,27.4,22.3,6.6,4.6,15.8,26.7,93.0,25.7,-4.27,88.4,0.469,769014,2.0
2005,25,1.0,0.0,0.4909090909090909,35.3,78.3,5.1,14.2,17.2,23.7,11.8,29.3,21.0,7.1,6.6,16.0,20.8,92.9,27.0,-4.0,89.8,0.484,680374,2.0
2005,1,0.0,0.0,0.18840579710144928,35.9,81.4,3.7,11.9,17.3,24.3,13.4,28.5,19.7,7.7,4.2,16.1,24.5,92.7,26.0,-9.71,91.4,0.464,586390,2.0
2005,3,0.0,0.0,1.05,33.6,78.3,5.3,14.7,19.0,24.9,10.4,29.1,21.6,7.9,3.8,14.2,24.2,91.4,27.8,-1.5,89.1,0.463,618681,1.0
2005,19,1.0,0.0,0.28125,33.1,80.0,5.1,16.0,17.1,22.3,12.4,27.8,21.0,6.7,3.8,14.8,23.0,88.4,27.5,-7.07,87.6,0.446,583070,2.0
2004,7,1.0,0.0,1.7333333333333334,40.5,88.2,6.2,17.8,18.0,22.6,14.3,31.0,23.9,8.0,5.3,12.2,19.6,105.2,27.4,4.44,93.2,0.495,825594,1.0
2004,26,1.0,0.0,2.0370370370370368,37.8,81.8,7.3,18.3,19.8,24.9,10.8,30.4,26.2,8.7,4.0,13.9,19.3,102.8,29.3,5.01,92.8,0.507,709997,0.0
2004,14,1.0,1.0,2.1538461538461537,36.9,81.4,4.5,13.6,19.9,28.7,12.2,30.9,23.8,8.3,4.6,13.8,21.1,98.2,29.8,3.9,92.3,0.481,777757,0.0
2004,17,0.0,0.0,1.0,36.2,81.1,4.9,14.0,20.7,26.7,11.7,30.5,22.8,6.8,4.7,13.5,20.3,98.0,26.5,1.06,91.6,0.477,690180,1.0
2004,8,1.0,0.0,1.1025641025641026,36.5,82.5,4.0,12.0,20.2,26.3,13.2,29.1,21.9,9.1,6.3,15.6,22.0,97.2,25.6,1.07,93.3,0.467,721476,1.0
2004,21,1.0,0.0,0.8222222222222222,35.8,80.4,8.8,23.6,16.6,21.7,11.1,28.3,21.7,8.1,4.7,14.5,21.8,97.1,26.0,-0.63,89.9,0.501,625474,2.0
2004,15,1.0,0.0,1.5625,36.1,81.2,5.5,16.0,19.0,26.1,12.8,29.0,23.4,9.7,6.9,15.0,23.2,96.7,26.0,2.44,91.4,0.479,622723,1.0
2004,2,0.0,0.0,0.7826086956521741,34.7,78.2,6.7,19.5,19.2,25.5,10.4,29.8,20.5,9.4,4.0,16.2,22.4,95.3,26.4,-1.45,93.2,0.486,664248,1.0
2004,13,1.0,0.0,0.5185185185185185,34.4,80.2,4.0,12.5,22.0,28.1,14.0,29.5,20.2,7.2,4.6,16.4,22.1,94.8,24.3,-4.59,91.0,0.453,665396,2.0
2004,18,1.0,1.0,2.4166666666666665,37.0,80.1,4.0,10.9,16.6,21.3,10.7,32.3,23.0,6.8,5.6,12.7,21.1,94.5,29.7,5.49,89.0,0.486,723071,0.0
2004,24,1.0,0.0,0.5471698113207547,36.1,81.4,5.1,14.7,17.0,22.7,11.3,29.3,19.3,9.0,4.7,15.2,22.7,94.2,24.4,-3.74,92.6,0.475,670385,2.0
2004,22,0.0,0.0,0.3442622950819672,35.4,82.5,5.2,15.2,18.0,24.4,12.2,28.7,19.3,6.7,3.8,13.7,21.3,94.0,25.8,-7.02,90.8,0.461,589144,2.0
2004,10,1.0,0.0,0.8222222222222222,35.1,79.4,5.2,15.6,17.9,24.7,12.2,30.9,20.5,7.0,4.7,14.8,20.6,93.3,28.1,-0.73,89.8,0.475,665648,2.0
2004,6,0.0,0.0,0.7446808510638298,35.6,82.4,3.0,9.6,18.6,24.8,13.6,31.9,22.0,7.1,6.5,14.8,21.3,92.9,24.9,-2.62,90.8,0.451,749790,2.0
2004,1,0.0,0.0,0.5185185185185185,34.5,79.6,5.1,15.2,18.7,24.1,12.1,30.6,20.1,7.6,5.0,16.5,22.3,92.8,26.2,-4.65,90.8,0.465,565728,2.0
2004,20,0.0,0.0,0.9069767441860463,35.1,79.4,5.0,13.6,16.8,21.1,11.6,31.0,20.7,7.4,4.8,15.7,23.1,92.0,29.6,-1.48,89.5,0.474,785739,1.0
2004,19,0.0,0.0,1.0,33.8,80.5,6.5,20.3,17.7,23.6,13.3,29.5,20.9,8.6,4.2,15.0,20.9,91.8,30.3,-0.1,89.1,0.46,587613,1.0
2004,30,0.0,0.0,0.43859649122807015,33.6,80.0,5.3,15.5,19.3,27.0,13.6,29.2,18.7,8.9,5.0,17.5,20.9,91.8,24.4,-5.63,92.2,0.454,645363,2.0
2004,27,1.0,0.0,2.28,34.7,78.5,5.0,13.9,17.2,25.2,12.5,32.5,20.4,8.1,6.5,14.7,20.3,91.5,27.3,7.22,89.2,0.473,739706,0.0
2004,12,0.0,1.0,2.9047619047619047,33.6,77.1,5.5,15.6,18.8,24.6,11.8,29.9,21.6,8.9,5.0,14.4,20.8,91.4,27.1,5.76,87.5,0.471,678326,0.0
2004,25,1.0,0.0,1.0,35.3,78.9,4.6,13.4,15.4,21.1,12.7,29.0,21.6,7.5,5.4,14.8,19.0,90.7,27.6,-1.27,86.2,0.478,684038,2.0
2004,16,0.0,0.0,1.05,33.3,78.3,5.9,16.5,17.8,23.4,11.5,30.0,19.1,7.2,3.8,13.9,22.1,90.3,26.4,0.52,88.0,0.463,624809,0.0
2004,3,0.0,0.0,1.3428571428571427,34.3,77.7,4.6,13.7,17.0,22.6,10.5,30.2,24.5,8.6,3.9,14.7,21.0,90.3,27.7,2.5,89.4,0.471,613051,0.0
2004,9,0.0,1.0,1.9285714285714288,33.5,77.0,4.1,11.8,19.0,25.3,12.4,30.4,20.8,8.0,7.0,15.1,20.3,90.1,27.4,5.84,87.9,0.461,872902,0.0
2004,11,1.0,0.0,1.2162162162162162,33.4,75.5,6.3,17.1,16.7,21.6,10.3,32.3,19.3,6.8,5.4,16.7,21.5,89.8,28.3,1.73,87.8,0.484,640794,1.0
2004,5,0.0,0.0,0.3898305084745763,34.1,82.4,5.2,15.3,16.2,22.4,12.8,30.7,21.9,8.0,4.8,16.1,23.3,89.7,26.8,-6.35,92.2,0.446,809177,2.0
2004,29,1.0,0.0,1.05,32.8,75.3,3.1,9.6,20.0,26.8,13.5,27.7,20.4,7.1,6.0,16.6,25.6,88.7,24.9,-1.22,86.6,0.456,785330,2.0
2004,23,0.0,0.0,0.6734693877551021,32.7,76.3,4.1,12.1,18.4,24.5,11.5,29.4,20.0,8.0,4.4,15.9,20.7,88.0,27.5,-2.49,88.0,0.456,788128,2.0
2004,28,0.0,0.0,0.6734693877551021,32.4,77.4,5.6,15.8,15.1,20.1,10.1,29.5,19.2,7.4,4.9,14.2,21.3,85.4,27.6,-3.01,86.8,0.454,750608,2.0
2003,7,1.0,1.0,2.727272727272727,38.5,85.1,7.8,20.3,18.1,21.9,11.1,31.0,22.4,8.1,5.5,11.6,21.1,103.0,28.1,7.78,92.5,0.498,816429,0.0
2003,10,1.0,0.0,0.8636363636363636,37.3,84.6,5.2,15.1,22.6,29.0,15.7,31.0,20.9,7.2,6.2,15.8,21.8,102.4,24.4,-1.13,94.2,0.472,634935,2.0
2003,26,1.0,0.0,2.565217391304348,39.5,85.2,6.0,15.7,16.7,22.3,11.0,33.5,24.8,9.0,5.6,14.5,20.3,101.7,28.3,6.5,95.4,0.499,709997,0.0
2003,14,1.0,0.0,1.5625,37.7,83.6,5.9,16.7,19.0,26.0,13.1,31.1,23.3,7.8,5.7,14.5,22.9,100.4,28.1,2.33,92.5,0.486,777888,0.0
2003,17,0.0,0.0,1.05,37.1,81.3,7.1,18.6,18.1,23.3,10.7,28.9,22.2,7.6,4.2,12.7,22.2,99.5,29.3,0.23,90.4,0.5,665966,1.0
2003,22,0.0,0.0,1.05,35.9,82.5,6.9,19.4,19.7,25.4,11.7,29.2,20.4,8.5,3.7,14.4,23.0,98.5,26.9,0.13,93.1,0.478,605901,1.0
2003,18,1.0,0.0,1.6451612903225807,38.7,83.0,3.6,9.8,17.1,22.3,11.7,31.9,25.2,6.7,5.3,13.7,20.8,98.1,28.2,2.07,91.9,0.488,643684,1.0
2003,15,1.0,0.0,0.5185185185185185,37.2,82.2,5.7,15.6,17.4,23.6,11.5,30.1,23.1,7.9,6.1,15.4,20.5,97.5,24.9,-3.23,92.7,0.487,611322,2.0
2003,23,0.0,0.0,1.4117647058823528,36.3,81.0,3.0,9.6,21.3,27.5,12.7,29.5,21.6,10.3,3.5,14.8,22.0,96.8,28.3,2.3,91.4,0.466,807097,0.0
2003,12,0.0,0.0,1.4117647058823528,35.5,80.6,4.6,13.6,21.2,27.7,12.2,32.0,23.3,8.5,5.4,14.8,22.1,96.8,25.9,3.49,91.6,0.469,670461,0.0
2003,20,0.0,0.0,0.8222222222222222,36.2,82.0,7.4,19.3,16.1,19.8,10.3,29.0,22.0,7.1,3.1,14.0,23.0,95.9,30.2,-1.35,90.7,0.486,779479,2.0
2003,27,1.0,1.0,2.727272727272727,35.5,76.8,5.5,15.5,19.4,26.8,11.5,31.2,20.0,7.7,6.5,15.8,20.4,95.8,28.4,5.41,90.0,0.4970000000000001,735970,0.0
2003,24,1.0,0.0,1.1578947368421053,36.6,82.6,4.8,14.0,17.4,23.5,12.8,29.8,21.0,8.1,4.9,14.7,22.0,95.5,25.2,1.13,91.5,0.473,666559,1.0
2003,3,0.0,1.0,1.4848484848484849,35.4,80.3,4.2,12.7,20.3,26.8,12.1,30.8,23.0,8.7,4.6,14.8,21.6,95.4,27.3,5.22,91.6,0.468,622574,0.0
2003,25,1.0,0.0,1.5625,36.4,79.2,4.6,14.0,17.7,23.7,12.1,29.0,22.7,8.8,3.9,15.2,19.9,95.2,29.2,2.61,89.4,0.489,796258,1.0
2003,5,0.0,0.0,0.5769230769230769,36.5,81.9,4.3,12.2,17.7,24.6,12.0,31.0,21.7,7.4,5.6,16.9,24.7,95.0,25.2,-5.13,93.5,0.471,804309,2.0
2003,29,1.0,0.0,1.3428571428571427,35.3,75.5,2.7,7.8,21.3,28.6,12.5,29.0,25.6,8.6,5.7,16.8,22.4,94.7,30.9,2.39,89.3,0.486,786034,1.0
2003,1,0.0,0.0,0.7446808510638298,34.9,78.5,4.9,13.9,19.4,24.5,11.4,31.2,20.5,7.5,5.8,16.7,21.7,94.1,27.2,-3.56,91.0,0.476,528655,2.0
2003,19,0.0,0.0,1.3428571428571427,35.5,81.6,4.9,13.1,17.9,23.3,13.4,30.2,22.0,8.0,4.8,14.8,21.6,93.9,29.1,2.11,89.4,0.465,641683,1.0
2003,13,1.0,0.0,0.4909090909090909,34.6,79.1,4.8,14.4,19.9,26.5,12.3,30.0,19.6,7.0,5.6,15.7,21.8,93.8,25.3,-4.12,91.3,0.467,706471,2.0
2003,11,1.0,0.0,1.1025641025641026,34.6,78.8,5.4,15.5,19.1,24.9,12.5,31.3,18.4,7.2,6.0,15.6,19.5,93.8,25.9,1.48,88.8,0.474,565166,2.0
2003,2,0.0,0.0,1.1578947368421053,32.9,79.4,8.8,26.3,18.0,24.3,10.4,30.1,19.2,8.8,3.7,14.0,21.4,92.7,26.9,-0.39,90.9,0.47,709049,1.0
2003,21,1.0,0.0,0.9523809523809524,35.2,80.5,5.6,15.7,16.2,21.7,11.7,29.1,21.6,8.3,3.6,13.2,20.9,92.1,26.9,-0.12,88.0,0.472,637194,2.0
2003,30,0.0,0.0,0.8222222222222222,34.3,78.0,3.1,9.9,19.7,25.3,11.2,29.2,19.7,7.6,4.8,13.4,20.0,91.5,28.4,-1.01,88.2,0.46,827093,2.0
2003,6,0.0,0.0,0.26153846153846155,34.8,82.3,3.6,10.9,18.3,24.5,13.6,31.0,20.9,7.8,6.4,18.3,22.7,91.4,23.5,-9.62,94.0,0.444,471374,2.0
2003,9,0.0,1.0,1.5625,32.9,76.5,6.5,18.1,19.0,24.6,10.8,29.8,19.8,6.8,5.7,13.5,21.3,91.4,29.0,3.68,86.8,0.473,839278,0.0
2003,28,0.0,0.0,0.4137931034482759,34.7,81.3,5.0,14.5,16.5,22.9,12.5,28.7,19.3,7.4,4.8,14.4,21.5,90.9,27.6,-5.87,89.9,0.458,777507,2.0
2003,16,0.0,0.0,0.43859649122807015,32.8,79.5,4.2,13.4,15.8,20.6,11.6,30.0,18.3,7.2,4.0,14.2,22.6,85.6,26.5,-5.05,87.8,0.439,628242,2.0
2003,8,1.0,0.0,0.26153846153846155,32.8,79.8,2.8,10.0,15.8,22.6,13.6,28.8,21.2,8.7,5.1,18.5,25.1,84.2,24.1,-8.28,91.0,0.428,607813,2.0
2002,7,1.0,0.0,2.28,39.0,84.5,7.6,20.1,19.6,24.3,11.2,31.3,22.1,7.1,4.8,12.1,22.5,105.2,27.6,4.26,92.8,0.507,802783,0.0
2002,26,1.0,1.0,2.9047619047619047,39.8,85.4,5.2,14.1,19.7,26.3,12.4,33.0,23.9,9.0,4.6,13.8,19.0,104.6,27.0,7.61,95.6,0.4970000000000001,709997,0.0
2002,14,1.0,1.0,2.4166666666666665,38.4,83.4,6.2,17.5,18.2,26.1,12.5,31.8,23.0,7.6,5.8,12.7,22.2,101.3,27.9,7.12,92.1,0.498,778777,0.0
2002,22,0.0,0.0,1.1578947368421053,37.6,84.1,7.6,20.2,17.6,23.4,11.5,29.8,22.0,8.1,4.7,13.6,20.7,100.5,28.0,1.57,93.2,0.493,621121,1.0
2002,18,1.0,0.0,1.5625,38.7,84.0,4.8,12.8,17.1,21.4,12.9,31.2,24.3,6.4,5.2,13.4,21.2,99.3,26.7,3.38,90.5,0.49,731673,1.0
2002,21,1.0,0.0,1.2162162162162162,38.2,81.5,6.0,15.8,15.4,20.4,11.8,28.5,23.5,8.5,4.4,13.7,21.1,97.7,26.9,3.02,89.0,0.505,633516,1.0
2002,10,1.0,0.0,0.3442622950819672,36.6,85.2,3.9,12.1,20.6,28.6,16.3,30.4,20.8,7.9,6.4,16.8,23.0,97.7,24.8,-5.4,94.5,0.452,593182,2.0
2002,17,0.0,0.0,1.0,37.1,80.2,7.2,19.3,16.1,21.5,10.3,31.2,22.5,7.3,4.7,14.1,21.8,97.5,28.9,-0.22,90.2,0.507,745305,2.0
2002,12,0.0,0.0,1.05,35.8,80.2,4.9,14.6,20.3,26.3,11.3,31.3,23.0,8.0,5.3,15.2,22.9,96.8,26.1,0.27,91.9,0.477,686537,1.0
2002,27,1.0,0.0,2.4166666666666665,35.5,77.6,5.3,14.8,20.3,27.4,11.1,31.3,20.0,7.6,6.5,14.4,19.2,96.7,28.5,6.21,90.0,0.4920000000000001,906390,0.0
2002,25,1.0,0.0,1.4848484848484849,36.6,81.4,5.7,16.1,17.7,23.2,13.2,29.8,23.5,8.6,4.5,14.3,19.7,96.6,29.0,2.99,89.3,0.485,797821,1.0
2002,2,0.0,1.0,1.4848484848484849,34.8,82.1,8.5,23.7,18.3,23.9,10.9,31.3,21.0,9.7,3.6,13.6,21.7,96.4,26.2,2.21,92.5,0.476,659751,0.0
2002,3,0.0,1.0,1.7333333333333334,37.1,83.1,4.9,14.6,17.1,23.3,12.7,30.7,24.3,8.7,6.0,14.5,21.1,96.2,26.1,4.16,91.8,0.476,564194,0.0
2002,29,1.0,0.0,1.1578947368421053,35.0,77.7,3.4,10.3,22.6,29.6,13.5,28.6,24.4,9.1,6.4,16.5,24.0,96.0,29.9,0.89,90.3,0.472,766108,1.0
2002,13,1.0,0.0,0.9069767441860463,36.2,81.3,5.0,14.0,18.3,24.7,13.2,30.2,20.9,6.2,6.6,14.8,19.8,95.7,24.4,-0.46,90.1,0.476,740185,2.0
2002,6,0.0,0.0,0.5471698113207547,36.0,80.3,4.7,12.5,18.6,24.1,11.8,30.3,23.1,7.0,5.7,14.6,21.4,95.3,26.0,-3.33,90.3,0.477,596115,2.0
2002,24,1.0,0.0,0.7826086956521741,37.8,84.6,4.4,13.4,15.2,19.9,13.1,29.6,22.4,8.1,4.9,14.7,21.8,95.1,26.5,-0.68,91.4,0.472,668939,2.0
2002,9,0.0,0.0,1.5625,34.7,76.8,6.9,18.4,18.0,23.8,9.9,28.9,21.5,7.9,6.9,14.5,20.7,94.3,29.5,2.13,90.0,0.4970000000000001,760807,0.0
2002,1,0.0,0.0,0.6734693877551021,35.4,80.6,5.2,14.6,18.1,23.7,11.6,29.8,20.2,8.1,4.3,15.5,20.8,94.0,25.7,-4.23,91.9,0.471,506110,2.0
2002,4,0.0,0.0,1.1578947368421053,35.3,80.2,4.2,12.1,19.1,25.7,12.9,30.5,21.5,8.0,5.6,14.0,21.3,93.9,28.3,0.96,89.7,0.466,462738,0.0
2002,30,0.0,0.0,0.8222222222222222,35.8,81.3,3.7,9.6,17.4,22.8,12.9,29.2,20.9,7.0,4.3,13.0,21.5,92.8,27.5,-1.4,88.3,0.464,847634,2.0
2002,11,1.0,0.0,0.5185185185185185,34.6,80.8,6.0,18.0,17.1,23.1,12.5,29.4,18.1,6.5,5.4,14.1,18.0,92.3,25.9,-4.89,88.2,0.465,481227,2.0
2002,8,1.0,0.0,0.4909090909090909,35.5,83.8,5.2,15.7,15.9,21.4,13.6,28.2,22.2,7.5,5.6,14.7,22.8,92.2,28.2,-5.82,90.4,0.455,633846,2.0
2002,20,0.0,0.0,0.5769230769230769,34.4,79.5,5.8,16.4,17.1,21.8,10.7,30.0,21.0,6.8,3.5,14.5,22.0,91.6,30.3,-3.99,89.7,0.468,810283,2.0
2002,28,0.0,0.0,1.05,35.6,82.0,4.7,13.5,15.5,20.9,13.6,28.5,21.7,8.4,5.5,14.3,21.6,91.4,29.3,-0.44,88.8,0.463,810160,1.0
2002,23,0.0,0.0,1.1025641025641026,34.2,78.5,2.6,8.7,20.0,25.7,13.3,30.9,20.0,8.6,4.4,15.3,20.1,91.0,29.0,1.6,88.9,0.452,842976,1.0
2002,15,1.0,0.0,0.3898305084745763,34.8,79.7,4.1,13.4,16.3,23.0,12.0,29.4,21.8,7.9,6.0,16.4,19.2,89.9,25.5,-7.44,91.1,0.462,591030,2.0
2002,5,0.0,0.0,0.3442622950819672,34.3,79.2,3.7,10.6,17.2,23.9,11.3,28.8,22.2,7.7,4.4,15.3,22.4,89.5,25.5,-8.54,90.5,0.456,776311,2.0
2002,16,0.0,0.0,0.7826086956521741,34.2,77.8,3.8,11.0,15.1,20.8,11.0,31.0,20.3,6.7,5.5,14.8,22.5,87.2,30.1,-1.54,87.4,0.463,655549,2.0
2001,26,1.0,0.0,2.0370370370370368,38.2,85.0,5.8,16.5,19.5,25.3,12.0,33.0,22.6,9.7,5.3,14.9,19.5,101.7,27.1,5.82,94.4,0.484,709997,0.0
2001,17,0.0,1.0,1.7333333333333334,38.0,82.9,6.9,18.1,18.0,22.9,11.9,30.5,22.5,8.2,4.7,13.7,23.5,100.7,28.2,3.88,92.1,0.499,683125,0.0
2001,14,1.0,1.0,2.1538461538461537,37.9,81.5,5.4,15.5,19.4,28.5,13.2,31.5,23.0,6.9,6.0,14.4,22.8,100.6,29.2,3.38,91.7,0.498,776336,0.0
2001,7,1.0,0.0,1.827586206896552,37.6,81.9,6.3,16.5,18.9,23.8,10.1,31.4,21.2,7.5,6.0,13.9,23.3,100.5,26.6,4.28,93.2,0.498,680238,1.0
2001,28,0.0,0.0,1.3428571428571427,37.2,85.0,5.2,14.2,18.1,24.2,13.6,30.8,24.4,7.3,6.3,13.2,21.3,97.6,29.9,2.26,90.9,0.468,793256,1.0
2001,22,0.0,0.0,1.1025641025641026,36.7,83.8,6.0,16.4,18.0,25.2,13.0,29.9,22.0,8.2,5.9,15.2,25.3,97.5,26.0,0.99,93.2,0.474,605031,1.0
2001,18,1.0,0.0,1.3428571428571427,38.4,83.8,3.9,11.0,16.6,21.2,12.2,30.1,25.4,8.3,5.6,13.9,23.2,97.3,27.4,1.35,91.8,0.482,717371,1.0
2001,21,1.0,0.0,1.1578947368421053,36.9,81.1,5.7,14.3,17.7,24.2,12.2,29.5,21.9,8.0,5.0,15.3,21.1,97.3,27.9,0.02,91.6,0.491,640847,2.0
2001,11,1.0,0.0,1.2162162162162162,35.9,79.2,6.1,17.2,19.3,25.4,11.2,30.8,19.7,7.2,4.4,14.7,20.2,97.2,26.7,2.29,90.4,0.4920000000000001,518555,2.0
2001,29,1.0,0.0,1.827586206896552,36.1,76.7,4.0,10.4,20.9,27.8,11.5,29.1,25.7,8.1,5.6,15.8,25.7,97.1,32.0,4.7,89.8,0.4970000000000001,792196,0.0
2001,8,1.0,0.0,0.9523809523809524,36.3,83.9,6.2,17.6,17.7,24.0,12.7,31.5,24.0,6.7,6.6,13.9,22.2,96.6,27.9,-2.46,92.6,0.47,619300,2.0
2001,27,1.0,1.0,2.4166666666666665,35.2,76.4,5.4,13.3,20.4,28.5,11.0,33.1,21.7,6.9,7.0,14.0,18.9,96.2,29.5,7.76,89.6,0.496,913176,0.0
2001,9,0.0,0.0,0.64,35.6,83.9,4.7,13.6,19.6,27.2,13.5,32.0,19.9,7.5,5.5,15.9,23.8,95.6,27.1,-1.7,94.7,0.453,607323,2.0
2001,25,1.0,0.0,1.5625,36.6,78.3,4.5,12.9,17.6,23.2,11.7,30.3,23.9,8.2,5.1,15.3,21.3,95.4,30.1,4.2,89.1,0.4970000000000001,831376,1.0
2001,23,0.0,1.0,2.1538461538461537,35.4,79.1,3.2,9.8,20.7,27.8,13.1,31.7,20.6,8.4,5.0,15.8,20.4,94.7,28.2,4.28,90.6,0.468,805692,0.0
2001,2,0.0,0.0,0.7826086956521741,33.8,79.1,7.2,19.9,19.8,26.7,10.9,28.9,20.8,9.4,4.1,15.7,23.8,94.6,25.9,-2.13,92.6,0.473,629201,2.0
2001,24,1.0,0.0,1.6451612903225807,35.9,82.4,4.0,12.9,18.2,24.1,11.8,30.8,23.2,9.5,5.2,15.2,22.7,94.0,28.6,2.21,93.1,0.46,737586,1.0
2001,30,0.0,0.0,0.3015873015873016,34.5,78.7,3.4,10.3,20.8,27.4,12.4,28.9,20.1,7.7,4.7,17.0,23.3,93.2,27.0,-6.67,92.7,0.46,638653,2.0
2001,12,0.0,0.0,1.0,34.5,78.4,4.8,14.1,18.8,24.5,11.2,31.6,21.5,6.9,5.9,15.2,23.5,92.6,27.7,-0.2,89.4,0.471,731800,1.0
2001,10,1.0,0.0,0.26153846153846155,35.8,87.5,3.4,11.8,17.4,24.7,16.4,29.1,21.8,9.0,5.0,15.9,21.1,92.5,26.6,-9.05,94.1,0.429,591981,2.0
2001,13,1.0,0.0,0.6078431372549019,35.3,78.9,4.4,13.0,17.4,25.1,11.7,31.2,19.3,6.0,6.3,15.8,21.6,92.5,24.3,-2.89,89.6,0.476,601587,2.0
2001,6,0.0,0.0,0.5769230769230769,35.2,79.7,2.7,8.0,19.0,24.9,12.4,29.8,20.8,7.8,5.3,16.5,23.2,92.2,26.9,-4.24,91.2,0.459,650775,2.0
2001,3,0.0,0.0,0.4642857142857143,33.9,79.9,4.4,13.2,19.9,26.2,11.1,28.5,19.5,7.9,5.0,14.7,24.2,92.1,27.5,-5.05,91.8,0.452,556573,2.0
2001,4,0.0,0.0,1.2777777777777777,34.1,79.3,4.1,12.0,19.5,26.2,12.6,31.8,23.2,8.1,5.5,14.4,21.4,91.9,28.2,2.1,89.4,0.457,615424,1.0
2001,15,1.0,0.0,0.3898305084745763,35.0,79.7,4.0,11.5,17.8,23.1,10.9,29.6,23.2,7.1,4.4,15.7,21.1,91.7,26.2,-5.73,91.7,0.464,563218,2.0
2001,1,0.0,0.0,0.43859649122807015,35.1,81.3,4.1,11.4,16.8,22.1,12.5,30.4,19.0,7.7,4.7,16.7,22.7,91.0,26.1,-5.21,91.9,0.456,560330,2.0
2001,16,0.0,0.0,1.5625,32.9,76.3,5.8,16.9,17.4,22.9,9.9,29.7,19.9,7.7,3.7,13.7,21.0,88.9,30.9,2.29,87.1,0.469,678186,0.0
2001,20,0.0,0.0,1.4117647058823528,33.6,75.6,4.8,13.6,16.8,21.1,9.4,30.8,18.5,6.6,4.2,14.5,22.7,88.7,29.8,2.63,86.7,0.476,810283,0.0
2001,5,0.0,0.0,0.22388059701492535,33.2,78.2,4.0,11.6,17.2,23.3,11.3,27.6,22.1,8.2,4.6,15.8,23.2,87.6,23.2,-9.1,89.3,0.45,888654,2.0
2000,26,1.0,0.0,1.1578947368421053,40.0,88.9,6.5,20.2,18.5,24.6,12.9,32.1,23.8,9.6,4.6,16.2,21.1,105.0,27.5,2.91,99.3,0.486,720033,1.0
2000,9,0.0,0.0,1.05,37.1,80.9,5.4,14.9,23.9,30.6,11.2,30.0,20.8,8.1,3.3,15.7,24.5,103.5,28.3,1.44,95.7,0.4920000000000001,678470,1.0
2000,7,1.0,0.0,0.9523809523809524,39.0,85.9,6.3,16.2,17.2,21.4,11.4,29.8,22.1,7.2,5.1,13.7,21.6,101.4,26.3,-0.57,94.9,0.49,606177,2.0
2000,12,0.0,1.0,2.1538461538461537,37.2,81.0,7.1,18.1,19.9,24.5,10.3,31.9,22.6,6.8,5.1,14.1,21.8,101.3,30.4,4.6,93.1,0.503,752145,0.0
2000,17,0.0,0.0,1.05,38.7,83.3,4.8,13.0,19.0,24.2,12.4,28.9,22.6,8.2,4.6,15.0,24.6,101.2,28.2,0.22,92.7,0.494,628605,1.0
2000,14,1.0,1.0,4.466666666666667,38.3,83.4,4.2,12.8,20.1,28.9,13.6,33.4,23.4,7.5,6.5,13.9,22.5,100.8,29.2,8.55,93.3,0.484,771420,0.0
2000,22,0.0,0.0,1.0,38.6,85.5,3.6,10.6,19.2,26.1,14.0,31.0,20.8,9.1,5.7,17.6,24.0,100.1,26.3,0.68,97.3,0.473,576409,2.0
2000,11,1.0,0.0,0.7083333333333334,36.6,81.3,7.1,19.8,19.2,26.2,12.3,31.5,21.6,7.5,5.3,17.4,20.3,99.5,26.3,-0.87,94.2,0.494,624594,2.0
2000,2,0.0,0.0,0.7446808510638298,37.2,83.9,5.1,15.4,19.8,26.5,13.5,29.5,21.2,9.7,3.5,15.4,27.1,99.3,25.4,-0.76,94.6,0.474,683608,2.0
2000,21,1.0,0.0,1.2162162162162162,37.9,84.7,6.7,19.6,16.6,23.9,12.7,30.3,22.9,8.0,4.2,14.0,21.7,99.1,28.5,0.95,93.4,0.487,615730,1.0
2000,8,1.0,0.0,0.7446808510638298,37.3,84.3,5.7,17.0,18.7,25.8,13.1,31.6,23.3,6.8,7.5,15.6,23.9,99.0,25.9,-2.12,94.7,0.476,637698,2.0
2000,24,1.0,0.0,1.827586206896552,37.7,82.6,5.6,15.2,17.9,23.6,12.5,31.2,25.6,9.1,5.3,16.7,24.1,98.9,28.6,5.22,94.0,0.491,773115,1.0
2000,18,1.0,0.0,1.5625,39.3,84.3,3.0,8.7,16.8,21.6,12.4,30.1,26.9,7.6,5.4,13.9,23.3,98.5,26.6,2.52,91.8,0.485,690012,1.0
2000,4,0.0,0.0,1.4848484848484849,35.8,79.7,4.1,12.2,22.7,30.0,10.8,32.1,24.7,8.9,5.9,14.7,20.4,98.4,28.7,2.67,93.9,0.475,732827,0.0
2000,3,0.0,0.0,0.6078431372549019,36.3,83.9,5.8,16.8,19.5,24.9,12.7,28.2,20.6,8.8,4.8,13.6,23.3,98.0,27.3,-1.04,92.5,0.468,643631,2.0
2000,25,1.0,1.0,2.565217391304348,36.8,78.4,5.0,13.8,18.8,24.7,11.8,31.2,23.5,7.7,4.8,15.2,22.7,97.5,29.6,6.4,89.9,0.501,835078,0.0
2000,28,0.0,0.0,1.2162162162162162,36.3,83.9,5.2,14.3,19.3,25.2,13.4,29.9,23.7,8.1,6.6,13.9,24.3,97.2,29.3,-0.16,92.5,0.464,756496,1.0
2000,6,0.0,0.0,0.64,36.3,82.1,4.2,11.2,20.2,26.9,12.3,30.5,23.7,8.7,4.4,17.4,27.1,97.0,27.2,-3.5,95.7,0.468,603702,2.0
2000,30,0.0,0.0,0.5471698113207547,36.7,81.5,4.1,10.9,19.1,25.7,13.0,29.7,21.6,7.2,4.7,16.1,26.2,96.6,28.0,-3.28,92.7,0.476,616593,2.0
2000,29,1.0,0.0,2.0370370370370368,36.1,77.8,4.0,10.4,20.3,26.2,11.4,29.6,24.9,7.7,5.4,14.9,24.5,96.5,31.5,4.46,89.6,0.49,801268,0.0
2000,27,1.0,0.0,1.827586206896552,36.0,78.0,4.0,10.8,20.1,27.0,11.3,32.5,22.2,7.5,6.7,15.0,20.9,96.2,30.9,5.94,90.8,0.488,884450,0.0
2000,10,1.0,0.0,0.3015873015873016,36.5,87.1,4.2,13.0,18.3,26.2,15.9,29.7,22.6,8.9,4.3,15.9,24.9,95.5,26.9,-8.27,95.4,0.444,509171,2.0
2000,23,0.0,0.0,1.4848484848484849,36.5,82.6,2.5,7.8,19.2,27.1,14.0,30.1,22.2,9.6,4.7,15.7,23.6,94.8,27.1,1.34,92.7,0.457,756956,1.0
2000,16,0.0,0.0,1.7333333333333334,36.3,78.8,5.4,14.7,16.4,22.3,11.2,31.9,23.5,7.1,6.4,15.0,23.7,94.4,29.2,3.11,89.7,0.495,706725,0.0
2000,1,0.0,0.0,0.5185185185185185,36.6,83.0,3.1,9.9,18.0,24.2,14.0,31.3,18.9,6.1,5.6,15.4,21.0,94.3,27.6,-5.38,91.7,0.46,600954,2.0
2000,15,1.0,0.0,0.36666666666666653,35.3,78.5,4.0,11.0,19.4,25.1,12.3,28.3,20.7,7.4,4.2,16.8,22.9,93.9,25.3,-5.62,91.0,0.474,569864,2.0
2000,20,0.0,1.0,1.5625,35.3,77.7,4.3,11.4,17.2,22.0,9.8,30.7,19.4,6.3,4.3,14.6,24.2,92.1,29.5,1.46,89.2,0.482,810103,0.0
2000,13,1.0,0.0,0.22388059701492535,35.1,82.4,5.2,15.5,16.6,22.3,11.6,29.0,18.0,7.0,6.0,16.2,22.2,92.0,24.2,-11.52,93.9,0.458,559714,2.0
2000,5,0.0,0.0,0.26153846153846155,31.3,75.4,4.1,12.6,18.1,25.5,12.6,28.3,20.1,7.9,4.7,19.0,23.3,84.8,26.0,-9.4,89.4,0.443,907064,2.0
1999,26,1.0,0.0,1.173913043478261,38.4,86.1,5.8,18.9,17.7,25.9,14.1,31.5,22.6,8.9,4.6,16.8,20.3,100.2,26.1,-0.42,96.0,0.479,418751,1.0
1999,14,1.0,0.0,1.631578947368421,36.8,78.7,4.8,13.7,20.5,30.1,12.4,29.6,21.9,7.8,5.7,15.1,24.6,99.0,27.5,3.02,91.6,0.498,430007,0.0
1999,24,1.0,0.0,1.173913043478261,35.9,80.1,5.2,14.0,18.5,24.3,12.0,28.4,25.0,8.9,4.0,13.6,20.4,95.6,29.3,2.26,90.0,0.481,472283,1.0
1999,21,1.0,0.0,1.0,35.1,79.5,6.2,18.0,18.4,27.1,13.5,28.4,21.7,7.9,4.0,15.3,20.9,94.9,31.2,-1.08,89.6,0.481,426800,2.0
1999,25,1.0,1.0,2.333333333333333,34.9,79.1,4.9,13.5,20.0,27.0,12.9,31.4,21.5,8.2,5.8,15.4,22.5,94.8,27.4,6.36,89.2,0.473,486556,0.0
1999,12,0.0,1.0,1.9411764705882355,34.6,77.3,5.9,16.0,19.5,24.6,11.5,29.0,20.1,6.3,4.5,13.0,21.6,94.7,30.8,3.74,86.4,0.486,404536,0.0
1999,11,1.0,0.0,1.631578947368421,35.1,76.0,6.7,18.3,17.3,23.7,10.7,30.8,21.2,7.7,5.2,16.2,19.2,94.2,29.6,2.32,88.8,0.506,407125,1.0
1999,8,1.0,0.0,0.3888888888888889,33.6,79.8,6.0,18.4,20.2,26.5,12.9,27.8,19.4,7.5,5.5,14.8,22.9,93.5,24.6,-6.6,90.5,0.459,296965,2.0
1999,29,1.0,0.0,2.8461538461538463,33.7,72.4,2.8,7.8,23.2,30.2,11.1,30.2,24.1,8.0,5.5,16.3,22.7,93.3,30.3,6.52,87.0,0.485,493120,0.0
1999,2,0.0,0.0,0.6129032258064516,36.3,83.3,5.5,15.2,14.9,21.5,13.6,29.2,21.5,9.1,5.1,16.1,23.9,93.0,24.3,-1.86,91.5,0.469,440602,2.0
1999,18,1.0,0.0,1.0,36.8,86.5,2.4,8.2,17.0,22.9,15.1,27.8,24.4,8.5,5.4,12.8,23.7,92.9,27.2,0.38,91.0,0.439,427974,1.0
1999,4,0.0,0.0,1.0833333333333333,33.4,74.4,5.4,14.7,20.7,27.7,9.6,29.9,22.2,8.9,4.9,15.9,22.0,92.9,29.0,-0.1,89.7,0.485,480807,2.0
1999,27,1.0,1.0,2.8461538461538463,34.8,76.2,3.4,10.4,19.8,28.3,12.3,31.7,22.0,8.4,7.0,15.2,20.2,92.8,30.1,8.06,88.6,0.479,527357,0.0
1999,17,0.0,0.0,1.2727272727272727,35.1,76.4,4.6,12.4,16.9,23.1,11.4,27.4,20.6,8.8,4.0,14.4,22.8,91.7,28.3,1.66,87.0,0.489,381948,1.0
1999,7,1.0,0.0,0.6129032258064516,35.0,80.7,4.0,11.9,17.6,24.2,12.9,29.6,18.4,7.0,5.8,13.8,21.3,91.6,26.1,-2.4,89.0,0.459,362837,2.0
1999,3,0.0,0.0,0.4705882352941176,33.8,83.2,4.5,13.6,19.2,25.0,14.3,28.7,18.5,9.8,5.5,15.0,22.7,91.4,26.0,-3.78,91.5,0.434,400387,2.0
1999,30,0.0,0.0,0.5625,35.4,79.4,3.6,11.6,16.9,24.0,11.9,28.1,21.3,7.9,3.9,14.7,23.0,91.2,29.3,-2.24,89.8,0.468,402481,2.0
1999,28,0.0,0.0,0.8518518518518519,33.2,78.8,4.5,13.2,20.2,26.6,14.2,28.9,20.7,8.8,6.4,16.0,22.8,91.1,27.3,-1.64,88.8,0.45,439190,2.0
1999,13,1.0,0.0,0.2195121951219512,34.2,80.1,4.3,13.4,17.7,24.5,13.3,25.9,16.4,8.5,4.7,15.9,24.5,90.4,25.0,-8.82,89.5,0.454,256568,2.0
1999,9,0.0,0.0,1.380952380952381,33.2,74.3,5.0,13.6,19.0,25.7,12.1,28.2,20.2,8.9,4.2,15.8,22.8,90.4,27.7,3.42,86.3,0.48,444585,1.0
1999,23,0.0,0.0,1.2727272727272727,33.1,77.7,2.0,7.4,21.5,29.7,14.6,28.6,18.7,10.8,5.4,16.4,23.0,89.7,26.0,2.06,88.6,0.439,436444,1.0
1999,22,0.0,0.0,1.9411764705882355,33.7,78.9,4.5,13.5,17.5,25.0,13.8,28.9,21.3,9.9,4.3,16.4,18.7,89.5,28.7,2.6,88.8,0.456,411091,0.0
1999,16,0.0,0.0,1.9411764705882355,32.3,71.3,5.8,16.1,18.6,25.2,10.1,30.2,20.4,6.5,6.1,14.9,20.7,89.0,30.3,4.96,84.8,0.494,378813,0.0
1999,15,1.0,0.0,0.19047619047619047,32.9,76.8,3.0,9.1,20.2,28.2,13.0,27.2,19.3,8.4,4.0,17.0,22.5,88.9,25.0,-8.66,89.0,0.447,417966,2.0
1999,10,1.0,0.0,0.7241379310344828,34.6,83.5,3.2,11.3,15.9,23.5,16.3,31.2,20.7,8.3,4.4,15.4,25.4,88.3,28.1,-2.5,88.9,0.434,335837,2.0
1999,6,0.0,0.0,0.7857142857142857,31.2,71.2,3.6,10.7,20.3,27.1,9.4,26.3,21.9,9.0,4.1,15.7,24.2,86.4,26.7,-1.72,86.4,0.464,352992,2.0
1999,20,0.0,1.0,1.173913043478261,32.2,74.1,4.2,11.8,17.8,24.4,11.0,30.2,19.3,7.9,5.2,16.1,22.8,86.4,29.0,1.02,86.9,0.463,494075,1.0
1999,1,0.0,0.0,1.631578947368421,30.8,75.2,3.9,12.9,20.8,28.4,13.5,30.0,15.6,6.9,5.2,14.9,19.7,86.3,29.6,2.9,85.3,0.436,331831,0.0
1999,5,0.0,0.0,0.35135135135135137,30.8,76.7,3.5,12.2,16.8,23.7,11.5,27.9,20.3,8.7,3.4,15.5,22.2,81.9,28.6,-9.46,88.1,0.424,560012,2.0
1998,14,1.0,1.0,2.9047619047619047,38.4,79.7,6.1,17.3,22.7,33.5,13.2,30.1,24.5,9.0,6.8,15.3,22.7,105.5,25.8,7.74,93.6,0.519,676101,0.0
1998,18,1.0,0.0,1.2162162162162162,38.5,83.5,3.7,10.6,20.4,27.5,13.0,29.6,25.2,7.8,5.2,13.9,23.0,101.1,26.4,0.71,92.6,0.483,738590,1.0
1998,29,1.0,1.0,3.1,36.5,74.5,3.0,8.2,24.9,32.2,11.7,29.3,25.2,7.9,5.0,15.4,23.9,101.0,29.7,6.54,89.2,0.51,815889,0.0
1998,21,1.0,0.0,2.9047619047619047,37.2,78.8,7.6,19.1,18.5,25.7,11.4,27.1,24.2,9.8,4.6,14.0,22.1,100.6,31.1,7.17,89.8,0.521,699952,0.0
1998,3,0.0,0.0,1.1025641025641026,37.3,84.5,3.8,11.4,21.3,28.7,16.4,26.1,20.5,9.5,3.8,14.4,23.4,99.6,27.8,1.57,91.0,0.463,718514,1.0
1998,24,1.0,0.0,2.1538461538461537,38.3,81.8,5.3,14.8,17.8,23.8,12.1,29.9,25.9,9.2,5.2,15.1,21.5,99.6,28.2,5.18,91.4,0.5,779943,0.0
1998,11,1.0,0.0,1.0,35.9,79.4,7.0,20.4,19.9,25.9,12.0,28.7,21.9,8.4,3.6,15.8,20.2,98.8,32.0,-0.76,91.0,0.496,670117,1.0
1998,30,0.0,0.0,1.05,37.6,83.1,3.9,11.5,18.2,26.3,13.7,28.5,23.2,8.4,4.6,14.1,22.4,97.2,26.7,0.59,91.8,0.476,801240,2.0
1998,5,0.0,1.0,3.1,37.4,82.9,3.8,11.7,18.2,24.5,15.2,29.7,23.8,8.5,4.3,14.4,20.6,96.7,31.7,7.11,89.0,0.473,983444,0.0
1998,15,1.0,0.0,0.3015873015873016,36.7,80.1,4.0,11.0,19.3,26.2,13.2,28.2,23.9,7.5,4.3,17.1,22.1,96.6,26.5,-7.3,92.1,0.482,660457,2.0
1998,4,0.0,0.0,1.6451612903225807,36.2,77.4,4.2,11.0,20.0,26.7,12.0,28.5,23.7,8.4,3.8,15.2,21.4,96.6,29.2,2.0,89.4,0.495,959634,0.0
1998,12,0.0,1.0,2.4166666666666665,35.6,75.9,4.9,12.5,19.9,26.0,10.7,28.6,23.0,7.9,4.5,14.2,22.7,96.0,29.7,6.09,87.9,0.502,645302,0.0
1998,13,1.0,0.0,0.26153846153846155,35.7,81.6,6.4,17.9,18.0,25.0,12.7,27.8,18.7,7.6,5.6,16.1,22.3,95.9,25.7,-7.37,92.4,0.477,254840,2.0
1998,2,0.0,0.0,0.7826086956521741,36.7,84.6,5.1,15.2,17.4,24.0,14.6,24.9,22.1,12.0,4.5,16.2,26.9,95.9,23.9,-2.62,93.3,0.464,739422,2.0
1998,1,0.0,0.0,1.5625,35.2,77.5,4.1,12.4,21.3,28.2,13.5,29.5,19.1,8.0,6.0,14.8,20.4,95.9,29.4,3.51,87.7,0.481,610615,1.0
1998,16,0.0,0.0,2.0370370370370368,34.8,77.2,6.7,18.8,18.8,25.4,12.5,29.5,21.4,8.1,5.2,15.0,24.2,95.0,28.1,4.93,87.9,0.494,614861,0.0
1998,28,0.0,0.0,0.24242424242424246,36.2,83.1,4.5,13.2,18.0,25.1,14.5,26.2,21.3,9.4,8.1,16.7,22.6,94.9,24.8,-9.27,92.6,0.462,674685,2.0
1998,17,0.0,0.0,0.7826086956521741,35.6,78.0,3.0,8.6,20.3,26.4,12.6,27.3,20.1,8.9,4.4,16.9,23.4,94.5,27.6,-1.91,90.2,0.475,638034,2.0
1998,25,1.0,0.0,1.2777777777777777,35.2,78.0,4.0,12.8,20.0,27.1,13.2,30.8,21.5,7.1,5.7,16.9,22.7,94.3,26.1,1.4,90.0,0.476,846559,1.0
1998,9,0.0,0.0,0.8222222222222222,34.9,77.7,3.6,11.4,20.8,27.9,12.7,28.5,19.5,8.3,4.2,14.6,22.0,94.2,27.2,1.57,88.2,0.472,794567,2.0
1998,23,0.0,0.0,0.6078431372549019,34.6,78.2,3.0,9.9,21.1,28.7,13.7,28.0,21.1,8.9,6.0,16.5,22.9,93.3,25.4,-2.39,90.4,0.462,655417,2.0
1998,26,1.0,0.0,0.4909090909090909,36.1,81.5,3.5,9.8,17.6,25.6,13.3,28.1,22.4,7.3,5.1,15.5,22.1,93.1,26.6,-5.59,92.1,0.464,605443,2.0
1998,27,1.0,0.0,2.1538461538461537,35.3,75.5,3.7,10.5,18.2,26.4,12.0,32.2,22.4,6.3,6.9,16.1,21.1,92.5,28.7,3.99,88.4,0.493,783455,1.0
1998,6,0.0,0.0,1.3428571428571427,34.4,75.7,3.6,9.8,20.2,26.7,11.6,28.4,23.1,9.9,5.1,17.3,23.6,92.5,24.6,2.73,89.9,0.478,694629,1.0
1998,20,0.0,0.0,1.1025641025641026,34.9,78.2,4.7,13.9,17.1,22.1,11.9,29.7,21.8,7.7,3.4,15.2,23.7,91.6,30.2,2.46,88.2,0.476,810283,1.0
1998,7,1.0,0.0,0.3225806451612903,35.1,82.4,5.1,14.4,16.0,21.2,12.3,27.8,18.7,7.9,5.7,14.4,20.0,91.4,26.3,-6.11,89.9,0.458,503936,2.0
1998,22,0.0,0.0,1.0,33.8,78.7,3.6,11.1,18.9,26.1,14.4,26.9,20.7,7.9,5.4,15.3,19.7,90.1,30.8,-1.07,87.1,0.452,667322,2.0
1998,8,1.0,0.0,0.15492957746478872,32.6,78.2,3.5,10.9,20.2,26.2,12.7,26.3,18.9,8.1,4.8,16.0,23.6,89.0,26.5,-11.78,89.7,0.44,380590,2.0
1998,10,1.0,0.0,0.3015873015873016,34.7,83.9,2.3,8.5,16.6,23.3,15.7,30.2,20.8,7.6,5.5,16.7,22.7,88.3,25.9,-9.12,91.4,0.4270000000000001,444922,2.0
1997,5,0.0,1.0,5.307692307692308,40.0,84.4,6.4,17.1,16.8,22.5,15.1,30.0,26.1,8.7,4.0,13.5,19.7,103.1,30.7,10.8,90.0,0.511,978457,0.0
1997,29,1.0,1.0,3.555555555555556,38.2,75.8,4.1,11.0,22.7,29.5,10.8,29.4,26.8,9.1,5.1,15.4,24.2,103.1,29.6,8.79,90.0,0.53,811439,0.0
1997,24,1.0,0.0,0.9523809523809524,38.3,81.8,6.4,17.4,19.7,25.9,11.2,29.0,25.2,8.1,3.9,14.4,21.1,102.8,28.5,0.66,93.2,0.508,779940,1.0
1997,21,1.0,0.0,2.28,36.5,78.2,6.8,19.3,21.0,28.0,12.3,27.7,23.5,11.0,4.7,15.0,22.0,100.9,30.0,7.68,90.3,0.51,699952,0.0
1997,11,1.0,1.0,2.28,37.0,79.1,8.2,22.4,18.3,24.3,11.3,31.3,24.5,8.4,4.2,16.6,19.6,100.6,30.8,4.48,91.6,0.52,667685,0.0
1997,2,0.0,0.0,0.22388059701492535,37.4,85.0,5.7,16.2,20.1,26.8,13.4,26.7,21.9,9.9,3.8,16.4,23.4,100.6,26.1,-7.33,95.8,0.474,664022,2.0
1997,23,0.0,0.0,0.36666666666666653,36.6,83.5,5.3,16.5,21.7,29.9,15.5,28.7,20.7,8.3,4.8,17.5,21.1,100.2,25.5,-6.54,95.3,0.47,610974,2.0
1997,14,1.0,0.0,2.1538461538461537,36.8,81.0,6.7,18.3,19.7,28.4,13.3,29.4,22.5,9.0,7.0,14.9,22.2,100.0,26.5,4.27,91.1,0.496,697159,0.0
1997,10,1.0,0.0,0.5769230769230769,36.5,80.1,5.9,16.6,20.7,26.6,13.2,27.5,22.2,7.5,4.4,17.2,21.8,99.6,26.7,-4.71,91.9,0.493,621844,2.0
1997,30,0.0,0.0,1.1578947368421053,39.1,81.4,4.0,12.2,17.1,24.1,12.3,29.5,23.4,8.7,4.9,15.7,22.1,99.4,25.9,1.62,92.4,0.505,700646,1.0
1997,25,1.0,0.0,1.4848484848484849,36.6,78.8,6.1,17.1,19.7,27.6,12.9,30.4,20.9,7.8,5.3,16.5,23.5,99.0,26.4,4.17,90.9,0.503,852798,1.0
1997,4,0.0,0.0,1.9285714285714288,36.4,77.3,7.2,16.9,18.8,24.2,11.1,28.0,24.6,7.3,4.3,14.7,20.8,98.9,29.1,1.87,88.6,0.518,985722,1.0
1997,8,1.0,0.0,0.3442622950819672,35.8,81.5,7.8,20.9,18.5,24.3,12.1,29.9,23.0,6.1,5.9,16.6,21.8,97.8,28.6,-6.28,92.4,0.486,340486,2.0
1997,3,0.0,0.0,0.4642857142857143,36.5,86.5,5.9,16.7,18.3,24.8,17.2,29.0,21.0,8.3,5.9,15.7,22.7,97.2,26.8,-4.56,92.4,0.456,670628,2.0
1997,13,1.0,0.0,0.7826086956521741,36.5,81.7,5.8,16.3,18.5,25.3,13.3,27.3,20.3,8.9,5.4,16.0,24.0,97.2,25.5,-2.35,91.3,0.482,232895,1.0
1997,26,1.0,0.0,0.7083333333333334,36.6,80.6,5.0,12.9,18.2,25.2,13.4,28.1,21.9,7.2,4.4,16.2,23.7,96.4,27.4,-3.38,91.0,0.485,709993,2.0
1997,18,1.0,0.0,0.9523809523809524,35.8,78.5,4.5,13.3,20.0,26.6,11.7,28.1,22.9,7.5,6.8,15.2,22.2,96.1,26.3,-1.48,90.7,0.485,697727,1.0
1997,28,0.0,0.0,0.5769230769230769,35.3,80.9,7.2,19.8,17.6,24.5,13.8,27.5,20.9,8.8,6.3,16.4,23.0,95.5,25.1,-3.12,90.6,0.481,744550,2.0
1997,20,0.0,0.0,2.28,35.1,75.9,5.7,15.8,19.3,25.8,11.9,30.7,22.1,7.7,4.6,17.8,24.8,95.4,29.7,3.12,90.5,0.501,790520,0.0
1997,12,0.0,0.0,0.9069767441860463,34.8,76.3,5.2,13.8,20.6,28.5,12.5,29.1,21.3,7.1,4.8,16.3,24.1,95.4,27.9,0.98,89.0,0.49,636735,2.0
1997,17,0.0,0.0,0.6734693877551021,36.2,76.9,4.0,11.2,19.0,25.7,11.6,27.6,19.6,7.7,4.2,15.7,23.1,95.3,27.3,-1.89,89.5,0.496,634999,2.0
1997,16,0.0,1.0,2.9047619047619047,34.4,76.0,8.3,22.7,17.7,24.7,11.7,29.3,21.2,7.9,5.4,15.9,23.4,94.8,27.2,5.49,88.2,0.507,615160,0.0
1997,1,0.0,0.0,2.1538461538461537,34.3,76.9,8.0,22.4,18.2,23.8,12.5,28.7,19.0,8.5,5.2,15.0,19.4,94.8,28.8,5.44,86.8,0.498,549414,0.0
1997,9,0.0,0.0,1.9285714285714288,34.5,74.3,7.1,18.3,18.1,24.3,10.5,28.0,19.0,7.7,3.5,12.7,20.1,94.2,28.2,5.24,84.5,0.512,784234,1.0
1997,22,0.0,0.0,1.2162162162162162,34.6,79.2,6.9,20.3,18.0,24.1,13.1,27.1,20.6,8.5,4.4,15.2,20.0,94.1,29.4,-0.35,88.3,0.481,711311,1.0
1997,7,1.0,0.0,0.4137931034482759,34.3,78.7,5.2,16.0,16.8,23.4,12.7,27.6,20.3,8.0,4.3,16.1,21.9,90.6,27.1,-6.35,89.0,0.469,619178,2.0
1997,27,1.0,0.0,0.3225806451612903,34.5,77.9,4.6,14.4,16.9,23.5,13.4,26.0,20.3,7.9,5.3,15.2,21.5,90.5,29.9,-7.88,87.3,0.472,706641,2.0
1997,15,1.0,0.0,0.2058823529411765,34.4,78.7,5.4,15.5,15.0,21.1,12.5,26.3,22.7,8.0,5.7,15.9,21.4,89.2,25.0,-10.23,88.4,0.471,683442,2.0
1997,6,0.0,0.0,1.05,33.0,72.8,5.9,15.7,15.6,21.6,11.1,26.3,20.9,8.0,3.8,14.5,23.0,87.5,26.7,1.84,82.9,0.493,692684,2.0
1996,5,0.0,1.0,7.2,40.2,84.0,6.6,16.5,18.2,24.4,15.2,29.4,24.8,9.1,4.2,14.3,22.0,105.2,29.9,12.24,91.1,0.517,969149,0.0
1996,21,1.0,1.0,3.555555555555556,37.5,78.1,7.1,19.5,22.5,29.6,11.6,29.9,24.4,10.8,4.8,17.6,24.0,104.5,29.6,7.79,93.8,0.526,697301,0.0
1996,22,0.0,1.0,2.727272727272727,39.1,81.0,7.6,20.1,18.8,27.2,11.8,29.3,25.4,8.1,5.0,14.1,20.8,104.5,27.7,5.56,91.8,0.529,707168,0.0
1996,24,1.0,0.0,1.0,38.5,81.4,4.0,12.0,23.3,30.1,12.3,30.5,24.4,7.6,4.0,14.7,21.7,104.3,27.9,0.33,93.2,0.498,779943,1.0
1996,2,0.0,0.0,0.6734693877551021,38.6,84.7,6.6,17.7,19.9,27.9,12.8,29.6,21.9,8.0,5.0,15.9,24.9,103.6,26.3,-3.4,96.2,0.494,730842,2.0
1996,27,1.0,0.0,2.565217391304348,38.4,80.5,6.3,16.1,20.3,27.6,11.4,31.5,24.9,7.9,6.5,14.6,22.2,103.4,29.4,6.3,93.3,0.516,782701,0.0
1996,14,1.0,0.0,1.827586206896552,39.2,81.8,5.8,16.6,18.6,25.0,12.1,28.1,25.4,8.8,6.3,14.2,20.8,102.9,27.1,4.45,92.4,0.515,649634,0.0
1996,4,0.0,0.0,1.0,37.9,80.7,7.1,18.5,19.9,25.8,12.0,27.5,23.3,7.1,3.4,15.1,22.1,102.8,27.8,-0.57,91.6,0.514,985722,2.0
1996,7,1.0,0.0,0.4642857142857143,38.1,90.6,9.0,24.9,17.4,24.1,17.2,29.0,23.3,7.8,4.2,15.5,22.4,102.5,25.1,-4.9,95.4,0.47,684138,2.0
1996,30,0.0,0.0,0.9069767441860463,39.0,80.7,6.0,14.8,18.4,25.3,11.3,28.4,22.1,7.2,6.2,16.2,24.2,102.5,24.8,1.06,93.7,0.521,669598,2.0
1996,11,1.0,0.0,1.4117647058823528,37.5,81.0,7.8,21.5,19.6,25.7,11.2,29.9,24.2,7.9,5.8,15.2,21.4,102.5,29.0,1.74,93.2,0.512,667840,1.0
1996,29,1.0,1.0,2.0370370370370368,38.2,78.3,4.6,12.4,21.6,28.1,12.1,28.9,26.1,8.1,5.1,14.8,25.0,102.5,29.5,6.59,90.0,0.517,813073,0.0
1996,10,1.0,0.0,0.7826086956521741,37.3,81.7,5.5,14.6,21.6,28.5,14.3,27.9,23.0,8.6,5.7,16.4,22.4,101.6,27.0,-1.45,93.4,0.489,616025,2.0
1996,26,1.0,0.0,0.9069767441860463,36.2,79.2,5.6,14.6,21.5,29.4,13.6,28.6,22.3,7.8,5.3,17.6,26.0,99.5,26.6,-2.71,93.4,0.493,709999,1.0
1996,13,1.0,0.0,0.5471698113207547,38.1,80.7,6.2,16.8,17.0,24.2,11.9,26.7,20.4,8.6,5.0,16.5,24.5,99.4,25.2,-3.6,93.2,0.511,405495,2.0
1996,25,1.0,0.0,1.1578947368421053,37.4,81.6,5.9,16.6,18.7,28.3,14.1,31.4,21.5,7.2,5.1,16.8,22.7,99.3,28.1,2.35,92.6,0.494,848055,1.0
1996,12,0.0,0.0,1.7333333333333334,36.3,75.7,4.4,11.9,22.2,29.5,12.3,27.6,23.4,7.1,3.9,16.3,24.8,99.3,29.4,3.24,89.3,0.509,673967,0.0
1996,1,0.0,0.0,1.2777777777777777,36.4,81.3,6.9,19.5,18.6,24.5,14.4,26.2,19.6,9.4,3.9,15.0,20.9,98.3,28.1,1.22,89.6,0.49,496668,1.0
1996,18,1.0,0.0,0.4642857142857143,36.3,79.0,3.4,10.5,21.9,28.2,12.0,27.7,22.8,7.9,5.9,17.4,24.3,97.9,26.4,-5.35,93.5,0.48,585669,2.0
1996,8,1.0,0.0,0.7446808510638298,36.6,81.2,4.8,14.0,19.7,26.5,12.9,30.3,22.6,6.4,7.3,15.4,23.0,97.7,26.8,-2.71,92.2,0.481,675425,2.0
1996,28,0.0,0.0,0.3442622950819672,37.6,80.5,5.0,14.2,17.2,23.8,13.1,27.0,23.5,9.1,6.0,18.8,24.2,97.5,26.2,-7.51,93.2,0.499,950330,2.0
1996,20,0.0,0.0,1.3428571428571427,36.6,77.8,5.9,15.7,18.0,23.8,10.1,29.9,22.2,7.9,4.6,15.5,22.7,97.2,30.4,2.32,91.0,0.509,810283,1.0
1996,16,0.0,0.0,1.05,35.4,77.4,6.7,17.8,18.9,26.7,12.2,30.4,21.4,7.0,5.4,17.0,26.3,96.5,27.4,1.43,91.1,0.501,606088,1.0
1996,17,0.0,0.0,0.43859649122807015,37.0,79.1,4.4,12.9,17.2,23.3,11.9,26.4,21.4,7.1,3.7,15.8,23.7,95.6,27.5,-5.3,90.2,0.495,647088,2.0
1996,9,0.0,0.0,1.2777777777777777,34.3,74.7,6.6,16.5,20.2,26.9,10.8,29.8,19.6,6.2,4.3,14.8,23.8,95.4,26.8,2.5,87.7,0.504,730573,1.0
1996,23,0.0,0.0,0.28125,34.1,78.3,6.0,17.5,20.3,27.6,12.6,26.4,19.9,7.8,5.1,17.2,21.7,94.5,26.1,-10.0,92.2,0.474,476016,2.0
1996,3,0.0,0.0,0.5769230769230769,35.1,82.3,3.0,9.1,20.4,27.4,16.5,30.5,21.4,7.6,7.0,16.8,22.9,93.7,27.4,-4.23,90.9,0.445,638144,2.0
1996,6,0.0,0.0,1.3428571428571427,33.7,73.1,7.3,19.3,16.5,21.6,10.6,25.1,22.2,8.2,4.1,13.1,20.5,91.1,27.5,2.59,82.3,0.51,730095,0.0
1996,15,1.0,0.0,0.22388059701492535,33.8,79.1,4.5,13.8,17.6,24.4,11.7,26.5,20.8,8.9,4.1,16.4,22.6,89.8,27.2,-9.98,91.0,0.456,654013,2.0
1995,22,0.0,1.0,2.28,42.2,84.1,6.4,17.2,20.1,30.1,14.0,30.0,27.8,8.2,6.0,15.8,21.0,110.9,26.6,7.06,95.1,0.539,656410,0.0
1995,24,1.0,0.0,2.565217391304348,40.9,85.0,7.1,19.3,21.7,28.7,12.5,29.3,26.8,8.4,3.8,14.2,22.4,110.6,29.2,3.88,95.9,0.524,779943,0.0
1995,21,1.0,0.0,2.28,40.4,82.2,6.0,15.9,23.7,31.3,13.0,28.5,25.8,11.2,4.8,15.8,25.2,110.4,28.7,8.18,95.5,0.527,633604,0.0
1995,27,1.0,1.0,3.1,39.5,81.5,5.3,14.1,22.4,30.3,12.5,32.5,23.4,8.0,5.6,15.2,22.8,106.6,29.0,5.96,94.6,0.516,920413,0.0
1995,29,1.0,0.0,2.727272727272727,39.5,77.3,3.7,9.8,23.6,30.3,10.7,29.4,27.5,9.2,4.8,15.7,24.9,106.4,29.6,7.99,92.6,0.535,811159,0.0
1995,10,1.0,0.0,0.4642857142857143,39.2,83.8,6.7,19.5,20.6,29.2,13.4,28.9,24.6,7.9,4.8,18.3,22.0,105.7,26.0,-5.41,97.9,0.508,616025,2.0
1995,14,1.0,0.0,1.4117647058823528,40.0,86.4,6.4,18.2,18.6,25.3,13.7,28.2,25.3,9.1,6.9,15.2,23.6,105.1,25.9,-0.22,95.2,0.5,591125,1.0
1995,11,1.0,1.0,1.3428571428571427,38.5,80.2,7.9,21.4,18.6,24.9,10.7,29.8,25.1,8.8,6.3,16.1,20.9,103.5,28.5,2.12,94.2,0.529,653389,1.0
1995,7,1.0,0.0,0.7826086956521741,39.4,89.5,4.7,14.6,19.8,27.0,18.5,29.7,23.7,7.1,4.2,16.4,22.1,103.2,24.3,-2.9,94.7,0.466,678433,2.0
1995,25,1.0,0.0,1.1578947368421053,39.2,87.0,5.6,15.4,19.0,27.2,16.5,29.8,22.5,8.1,5.7,14.8,24.7,103.1,29.3,3.82,93.8,0.483,529759,1.0
1995,2,0.0,0.0,0.7446808510638298,38.8,83.5,4.4,12.0,20.8,27.7,14.1,28.3,21.7,7.5,4.4,15.9,24.1,102.8,27.2,-1.88,94.0,0.491,606070,1.0
1995,5,0.0,0.0,1.3428571428571427,38.9,81.8,5.4,14.5,18.3,25.2,13.5,28.0,24.0,9.7,4.3,15.8,23.9,101.5,28.1,4.83,92.0,0.509,926218,1.0
1995,8,1.0,0.0,1.0,37.8,78.8,5.0,14.1,20.7,28.1,12.7,29.3,22.4,8.0,7.1,16.8,25.2,101.3,26.6,0.84,91.5,0.511,704011,1.0
1995,16,0.0,0.0,0.64,38.3,82.2,5.3,14.4,19.1,26.0,13.3,27.7,21.7,8.1,3.6,15.7,24.4,101.1,27.1,-1.63,92.9,0.499,598761,2.0
1995,4,0.0,0.0,1.5625,37.2,78.5,6.8,17.2,19.4,24.9,10.1,29.2,25.3,7.6,4.9,14.9,20.5,100.6,28.0,3.28,91.2,0.517,971618,0.0
1995,30,0.0,0.0,0.3442622950819672,38.7,84.1,5.3,15.4,17.8,24.5,12.7,27.1,21.3,7.9,4.9,15.9,23.8,100.5,24.5,-5.6,94.5,0.4920000000000001,689463,2.0
1995,17,0.0,0.0,0.7083333333333334,36.9,80.3,6.0,16.5,19.6,27.5,13.0,26.7,21.2,8.2,4.4,17.0,22.7,99.3,25.7,-4.37,92.7,0.496,670720,2.0
1995,12,0.0,1.0,1.7333333333333334,36.4,76.2,4.6,12.0,21.9,29.1,12.8,27.9,22.9,8.6,4.4,16.3,23.6,99.2,28.7,3.7,90.0,0.507,654428,0.0
1995,26,1.0,0.0,0.9069767441860463,36.9,78.8,4.4,12.6,20.1,28.3,13.1,28.4,22.2,7.9,5.6,17.7,24.9,98.2,26.4,-1.0,92.3,0.496,709997,2.0
1995,20,0.0,0.0,2.0370370370370368,36.4,78.0,6.5,17.6,18.9,25.8,11.3,30.2,25.1,7.2,4.7,15.9,25.6,98.2,29.4,3.11,91.2,0.508,810283,0.0
1995,9,0.0,0.0,0.5185185185185185,37.3,80.9,6.0,17.0,17.5,23.7,11.7,26.9,22.8,8.6,5.1,16.1,26.2,98.2,26.9,-7.29,93.2,0.499,719090,2.0
1995,3,0.0,0.0,0.5769230769230769,35.8,82.2,5.0,15.8,21.3,28.1,14.8,31.3,23.0,6.6,6.7,15.9,22.5,98.1,27.5,-3.13,92.3,0.467,684102,2.0
1995,13,1.0,0.0,0.26153846153846155,37.3,84.0,4.0,12.8,18.0,25.4,13.0,25.3,22.0,9.6,5.3,16.3,26.2,96.7,24.9,-9.16,94.3,0.468,438244,2.0
1995,1,0.0,0.0,1.05,36.4,81.5,6.6,19.3,17.2,23.8,13.5,27.7,21.4,9.0,5.0,14.9,22.0,96.6,28.2,1.28,89.8,0.487,504807,1.0
1995,23,0.0,0.0,0.4137931034482759,36.0,80.2,4.3,11.4,19.1,25.9,13.5,27.2,19.1,7.8,7.0,16.5,22.4,95.4,25.1,-5.07,91.0,0.475,507806,2.0
1995,18,1.0,0.0,0.3442622950819672,34.0,75.8,3.9,12.4,22.2,28.7,10.8,25.5,21.7,7.4,4.9,17.1,25.3,94.2,25.4,-9.0,91.4,0.475,603518,2.0
1995,6,0.0,0.0,1.1025641025641026,33.6,76.3,4.9,12.6,18.4,24.2,12.7,27.3,20.4,7.7,4.3,14.3,20.7,90.5,28.3,0.62,84.8,0.472,833850,1.0
1994,24,1.0,0.0,2.1538461538461537,41.8,86.3,4.2,12.7,20.4,28.1,14.9,29.9,27.6,9.1,5.6,15.9,20.0,108.2,28.7,4.84,96.7,0.509,779952,0.0
1994,10,1.0,0.0,1.5625,42.8,87.1,3.5,10.5,18.6,28.1,14.4,29.2,26.8,9.8,6.2,17.5,21.8,107.9,25.0,1.74,99.1,0.512,616025,1.0
1994,25,1.0,0.0,1.3428571428571427,41.1,90.6,3.3,9.4,21.7,29.2,15.9,30.0,25.2,9.1,5.0,14.8,22.3,107.3,28.6,2.63,98.8,0.472,528408,1.0
1994,4,0.0,0.0,1.0,41.2,86.6,4.1,11.2,19.9,26.0,12.4,30.2,27.0,8.8,4.8,15.4,21.3,106.5,27.6,-0.22,97.5,0.5,971609,2.0
1994,21,1.0,0.0,3.3157894736842106,40.7,84.2,3.0,8.8,21.6,29.0,14.0,27.2,25.8,12.8,4.5,15.4,23.3,105.9,28.1,9.09,95.1,0.501,601369,0.0
1994,22,0.0,0.0,1.5625,40.7,83.9,4.8,13.9,19.4,28.6,14.4,28.7,25.2,8.3,5.6,16.2,20.9,105.7,25.8,3.89,95.2,0.514,626931,0.0
1994,16,0.0,0.0,1.05,39.0,84.1,4.1,12.2,21.3,27.1,15.1,29.4,22.6,7.8,4.6,16.0,24.7,103.4,26.0,2.67,93.8,0.488,617242,1.0
1994,3,0.0,0.0,1.2162162162162162,38.6,86.8,2.7,8.3,23.2,30.4,15.9,31.2,23.2,8.5,7.0,14.6,20.6,103.2,26.6,2.2,95.5,0.461,658304,1.0
1994,13,1.0,0.0,0.4909090909090909,40.8,87.4,3.1,10.1,18.4,26.0,13.7,29.4,26.5,9.8,5.1,18.0,21.6,103.0,27.0,-5.72,99.6,0.484,471034,2.0
1994,29,1.0,1.0,1.827586206896552,39.1,82.1,2.2,6.8,21.5,29.0,12.9,29.1,26.6,9.2,4.4,14.5,24.2,101.9,29.4,4.22,93.1,0.49,814502,1.0
1994,1,0.0,0.0,2.28,39.6,85.8,3.3,10.1,19.0,25.2,15.2,29.5,25.1,11.2,5.5,15.3,19.8,101.4,28.7,5.27,94.2,0.48,537547,0.0
1994,6,0.0,0.0,1.3428571428571427,38.2,82.1,3.6,9.9,21.2,27.5,13.3,28.7,25.0,8.6,5.2,13.9,20.7,101.2,27.9,4.02,91.7,0.487,753686,1.0
1994,11,1.0,1.0,2.4166666666666665,39.0,82.1,5.2,15.7,17.9,24.1,11.3,31.9,25.5,8.7,5.9,16.3,20.1,101.1,28.1,4.32,95.0,0.507,615227,0.0
1994,26,1.0,0.0,0.5185185185185185,38.8,85.7,3.1,8.9,20.4,28.0,13.7,28.6,24.7,8.2,4.3,16.3,24.1,101.1,26.7,-5.77,97.5,0.471,710497,2.0
1994,12,0.0,1.0,1.3428571428571427,38.6,79.5,2.2,6.1,21.5,29.1,13.8,29.4,25.1,8.6,5.6,17.6,24.1,101.0,27.2,3.45,93.3,0.5,531812,1.0
1994,2,0.0,0.0,0.64,40.6,86.1,1.7,5.8,17.8,24.4,12.6,29.0,23.5,8.2,5.4,15.1,22.5,100.8,27.8,-4.28,95.6,0.482,604867,2.0
1994,14,1.0,0.0,0.6734693877551021,40.1,89.2,2.9,9.8,17.2,24.0,15.4,26.9,24.2,9.2,5.6,14.6,22.9,100.4,26.5,-4.29,95.5,0.466,545915,2.0
1994,30,0.0,0.0,0.4137931034482759,39.0,83.2,2.7,9.1,19.7,26.4,13.1,26.7,22.2,8.5,3.9,17.1,20.9,100.4,25.8,-7.38,95.9,0.484,619756,2.0
1994,8,1.0,0.0,1.05,38.5,82.7,2.1,7.3,21.2,29.5,13.5,31.2,21.5,8.3,8.4,17.3,23.5,100.3,24.8,1.49,96.1,0.478,673738,1.0
1994,27,1.0,0.0,2.0370370370370368,38.8,81.6,3.0,8.7,19.5,26.2,14.5,31.7,23.1,6.8,5.5,14.6,20.3,100.0,29.0,5.26,90.1,0.494,904190,0.0
1994,20,0.0,1.0,2.28,37.8,82.1,3.9,11.1,19.1,25.6,14.3,31.0,25.2,9.2,4.7,16.6,24.4,98.5,28.9,6.99,92.8,0.483,810193,0.0
1994,5,0.0,0.0,2.0370370370370368,39.6,83.1,2.8,8.0,16.0,22.7,13.9,29.2,25.6,9.0,4.3,15.9,21.3,98.0,27.7,3.09,91.9,0.493,760816,0.0
1994,23,0.0,0.0,0.43859649122807015,37.8,83.2,3.9,11.5,18.4,25.8,12.3,29.2,22.3,8.1,6.4,16.7,18.1,98.0,27.2,-7.62,95.7,0.478,491769,2.0
1994,9,0.0,0.0,0.3225806451612903,38.6,85.6,4.4,12.7,15.3,20.9,12.5,28.3,21.5,7.3,3.8,15.1,23.6,96.9,27.5,-7.78,94.2,0.477,806641,2.0
1994,17,0.0,0.0,0.3225806451612903,37.1,83.0,4.0,12.4,18.7,26.6,13.7,26.3,23.7,9.8,5.0,16.4,22.2,96.9,26.1,-6.48,94.5,0.471,634047,2.0
1994,18,1.0,0.0,0.3225806451612903,36.4,79.7,2.2,6.8,21.7,28.1,12.1,28.6,24.0,7.3,5.4,18.0,24.6,96.7,26.2,-6.93,94.7,0.471,733419,2.0
1994,7,1.0,0.0,0.18840579710144928,37.3,86.2,2.9,9.4,17.7,23.7,15.5,26.2,19.9,9.4,3.6,17.0,24.5,95.1,25.3,-8.7,94.5,0.449,526414,2.0
